account_id,received_cs_touch,is_pilot
acc_0000,0,0
acc_0001,1,0
acc_0002,1,0
acc_0003,0,0
acc_0004,1,0
acc_0005,0,0
acc_0006,1,0
acc_0007,1,1
acc_0008,0,0
acc_0009,0,0
acc_0010,0,0
acc_0011,0,0
acc_0012,0,0
acc_0013,1,0
acc_0014,1,0
acc_0015,1,0
acc_0016,0,0
acc_0017,0,0
acc_0018,1,0
acc_0019,0,0
acc_0020,0,0
acc_0021,0,0
acc_0022,0,0
acc_0023,1,0
acc_0024,0,0
acc_0025,0,0
acc_0026,0,1
acc_0027,1,0
acc_0028,0,0
acc_0029,0,1
acc_0030,0,0
acc_0031,0,0
acc_0032,0,0
acc_0033,0,0
acc_0034,1,0
acc_0035,0,0
acc_0036,0,1
acc_0037,1,0
acc_0038,0,0
acc_0039,0,1
acc_0040,1,0
acc_0041,0,0
acc_0042,0,0
acc_0043,0,0
acc_0044,1,1
acc_0045,0,0
acc_0046,0,0
acc_0047,0,0
acc_0048,1,1
acc_0049,0,0
acc_0050,1,0
acc_0051,0,0
acc_0052,1,0
acc_0053,0,0
acc_0054,0,0
acc_0055,0,0
acc_0056,1,0
acc_0057,1,0
acc_0058,1,1
acc_0059,1,0
acc_0060,1,1
acc_0061,1,0
acc_0062,1,0
acc_0063,1,0
acc_0064,1,0
acc_0065,0,0
acc_0066,0,0
acc_0067,0,0
acc_0068,1,0
acc_0069,0,0
acc_0070,0,1
acc_0071,0,0
acc_0072,0,0
acc_0073,0,0
acc_0074,1,0
acc_0075,0,0
acc_0076,0,0
acc_0077,0,0
acc_0078,1,1
acc_0079,1,0
acc_0080,1,0
acc_0081,0,0
acc_0082,1,0
acc_0083,0,0
acc_0084,0,0
acc_0085,0,0
acc_0086,0,0
acc_0087,1,0
acc_0088,1,0
acc_0089,1,0
acc_0090,1,0
acc_0091,0,0
acc_0092,1,0
acc_0093,0,0
acc_0094,0,0
acc_0095,0,0
acc_0096,1,0
acc_0097,1,1
acc_0098,1,0
acc_0099,0,0
acc_0100,0,1
acc_0101,1,0
acc_0102,1,0
acc_0103,1,1
acc_0104,0,0
acc_0105,1,0
acc_0106,0,0
acc_0107,0,0
acc_0108,0,1
acc_0109,1,0
acc_0110,1,0
acc_0111,1,0
acc_0112,0,0
acc_0113,0,0
acc_0114,0,0
acc_0115,0,1
acc_0116,0,0
acc_0117,1,1
acc_0118,1,1
acc_0119,1,0
acc_0120,1,0
acc_0121,0,0
acc_0122,0,0
acc_0123,0,0
acc_0124,0,0
acc_0125,0,0
acc_0126,0,0
acc_0127,0,0
acc_0128,1,1
acc_0129,1,0
acc_0130,0,0
acc_0131,0,0
acc_0132,1,0
acc_0133,0,0
acc_0134,0,0
acc_0135,0,0
acc_0136,0,0
acc_0137,1,1
acc_0138,0,0
acc_0139,0,0
acc_0140,0,0
acc_0141,1,0
acc_0142,0,1
acc_0143,1,1
acc_0144,1,0
acc_0145,1,0
acc_0146,0,0
acc_0147,0,0
acc_0148,1,0
acc_0149,0,0
acc_0150,0,0
acc_0151,1,0
acc_0152,0,0
acc_0153,0,0
acc_0154,1,0
acc_0155,1,0
acc_0156,0,0
acc_0157,1,0
acc_0158,0,0
acc_0159,0,0
acc_0160,1,0
acc_0161,0,0
acc_0162,1,0
acc_0163,0,0
acc_0164,0,0
acc_0165,0,0
acc_0166,1,0
acc_0167,0,0
acc_0168,0,0
acc_0169,0,0
acc_0170,0,0
acc_0171,1,0
acc_0172,0,0
acc_0173,1,1
acc_0174,0,0
acc_0175,1,0
acc_0176,1,1
acc_0177,0,0
acc_0178,0,0
acc_0179,0,0
acc_0180,0,0
acc_0181,0,0
acc_0182,1,1
acc_0183,1,0
acc_0184,1,0
acc_0185,1,0
acc_0186,0,0
acc_0187,0,0
acc_0188,1,0
acc_0189,0,0
acc_0190,1,0
acc_0191,0,0
acc_0192,1,0
acc_0193,0,1
acc_0194,1,0
acc_0195,0,0
acc_0196,0,0
acc_0197,1,0
acc_0198,1,0
acc_0199,0,0
acc_0200,1,1
acc_0201,0,0
acc_0202,0,0
acc_0203,0,0
acc_0204,0,0
acc_0205,1,1
acc_0206,0,1
acc_0207,0,1
acc_0208,1,0
acc_0209,0,0
acc_0210,1,0
acc_0211,1,0
acc_0212,0,0
acc_0213,1,0
acc_0214,0,0
acc_0215,0,0
acc_0216,1,0
acc_0217,1,1
acc_0218,1,0
acc_0219,0,0
acc_0220,1,0
acc_0221,1,0
acc_0222,0,0
acc_0223,0,0
acc_0224,0,1
acc_0225,0,0
acc_0226,0,0
acc_0227,0,0
acc_0228,1,0
acc_0229,0,0
acc_0230,1,0
acc_0231,1,0
acc_0232,1,0
acc_0233,0,0
acc_0234,0,0
acc_0235,1,0
acc_0236,1,0
acc_0237,0,0
acc_0238,0,0
acc_0239,1,1
acc_0240,0,0
acc_0241,0,0
acc_0242,1,0
acc_0243,1,0
acc_0244,1,0
acc_0245,1,0
acc_0246,0,0
acc_0247,0,0
acc_0248,0,0
acc_0249,0,0
acc_0250,1,0
acc_0251,1,0
acc_0252,0,0
acc_0253,0,0
acc_0254,1,0
acc_0255,0,0
acc_0256,1,0
acc_0257,1,0
acc_0258,0,0
acc_0259,0,1
acc_0260,1,0
acc_0261,0,0
acc_0262,0,0
acc_0263,1,0
acc_0264,1,0
acc_0265,1,1
acc_0266,1,0
acc_0267,0,0
acc_0268,0,0
acc_0269,1,0
acc_0270,0,0
acc_0271,1,0
acc_0272,0,0
acc_0273,1,0
acc_0274,1,0
acc_0275,1,0
acc_0276,1,0
acc_0277,0,0
acc_0278,0,0
acc_0279,0,0
acc_0280,0,0
acc_0281,0,0
acc_0282,0,0
acc_0283,0,0
acc_0284,0,0
acc_0285,1,0
acc_0286,0,0
acc_0287,1,0
acc_0288,0,0
acc_0289,0,0
acc_0290,1,0
acc_0291,0,0
acc_0292,1,0
acc_0293,1,1
acc_0294,1,0
acc_0295,1,0
acc_0296,1,0
acc_0297,1,0
acc_0298,1,0
acc_0299,0,0
acc_0300,0,0
acc_0301,0,0
acc_0302,1,0
acc_0303,1,0
acc_0304,0,0
acc_0305,1,1
acc_0306,0,0
acc_0307,1,0
acc_0308,0,0
acc_0309,0,0
acc_0310,0,0
acc_0311,0,0
acc_0312,0,0
acc_0313,0,0
acc_0314,1,1
acc_0315,0,0
acc_0316,1,0
acc_0317,0,0
acc_0318,0,0
acc_0319,0,0
acc_0320,1,0
acc_0321,0,0
acc_0322,1,0
acc_0323,1,0
acc_0324,1,0
acc_0325,0,0
acc_0326,1,0
acc_0327,1,0
acc_0328,1,0
acc_0329,0,0
acc_0330,0,0
acc_0331,1,0
acc_0332,1,0
acc_0333,1,0
acc_0334,0,0
acc_0335,1,0
acc_0336,1,0
acc_0337,1,0
acc_0338,1,0
acc_0339,0,0
acc_0340,0,0
acc_0341,0,1
acc_0342,0,0
acc_0343,1,0
acc_0344,1,0
acc_0345,1,0
acc_0346,0,0
acc_0347,1,0
acc_0348,0,1
acc_0349,0,0
acc_0350,1,0
acc_0351,0,0
acc_0352,0,1
acc_0353,0,0
acc_0354,0,0
acc_0355,0,0
acc_0356,0,0
acc_0357,0,0
acc_0358,1,0
acc_0359,1,0
acc_0360,0,0
acc_0361,1,0
acc_0362,1,0
acc_0363,1,1
acc_0364,0,0
acc_0365,0,1
acc_0366,0,0
acc_0367,0,1
acc_0368,1,0
acc_0369,0,0
acc_0370,0,0
acc_0371,1,0
acc_0372,0,0
acc_0373,0,0
acc_0374,0,0
acc_0375,1,0
acc_0376,0,0
acc_0377,0,0
acc_0378,0,0
acc_0379,1,1
acc_0380,0,0
acc_0381,1,0
acc_0382,0,0
acc_0383,1,0
acc_0384,0,0
acc_0385,1,0
acc_0386,1,0
acc_0387,0,0
acc_0388,0,0
acc_0389,0,0
acc_0390,0,1
acc_0391,1,0
acc_0392,0,0
acc_0393,1,0
acc_0394,0,0
acc_0395,0,0
acc_0396,0,0
acc_0397,0,0
acc_0398,0,0
acc_0399,0,0
acc_0400,1,0
acc_0401,1,0
acc_0402,1,0
acc_0403,1,0
acc_0404,0,0
acc_0405,1,0
acc_0406,1,1
acc_0407,0,0
acc_0408,1,0
acc_0409,0,0
acc_0410,0,0
acc_0411,0,1
acc_0412,1,0
acc_0413,0,0
acc_0414,0,0
acc_0415,1,1
acc_0416,1,1
acc_0417,1,0
acc_0418,1,1
acc_0419,1,0
acc_0420,1,0
acc_0421,1,0
acc_0422,0,0
acc_0423,0,0
acc_0424,0,0
acc_0425,0,0
acc_0426,0,0
acc_0427,1,0
acc_0428,1,1
acc_0429,0,0
acc_0430,0,1
acc_0431,0,0
acc_0432,0,0
acc_0433,1,1
acc_0434,1,0
acc_0435,0,0
acc_0436,1,0
acc_0437,1,0
acc_0438,0,0
acc_0439,0,0
acc_0440,1,0
acc_0441,0,0
acc_0442,1,0
acc_0443,1,0
acc_0444,0,0
acc_0445,1,0
acc_0446,0,0
acc_0447,0,0
acc_0448,1,0
acc_0449,1,1
acc_0450,0,0
acc_0451,0,0
acc_0452,0,0
acc_0453,1,0
acc_0454,0,0
acc_0455,0,0
acc_0456,0,1
acc_0457,0,1
acc_0458,0,0
acc_0459,0,0
acc_0460,0,0
acc_0461,1,0
acc_0462,0,0
acc_0463,1,1
acc_0464,0,0
acc_0465,0,0
acc_0466,1,0
acc_0467,0,0
acc_0468,1,0
acc_0469,1,0
acc_0470,1,0
acc_0471,1,0
acc_0472,1,0
acc_0473,1,0
acc_0474,1,0
acc_0475,0,0
acc_0476,0,0
acc_0477,0,0
acc_0478,0,0
acc_0479,1,0
acc_0480,0,0
acc_0481,0,0
acc_0482,1,0
acc_0483,1,0
acc_0484,1,0
acc_0485,0,0
acc_0486,0,0
acc_0487,0,0
acc_0488,0,0
acc_0489,0,0
acc_0490,1,1
acc_0491,1,0
acc_0492,1,0
acc_0493,0,0
acc_0494,0,0
acc_0495,0,0
acc_0496,0,0
acc_0497,1,0
acc_0498,0,0
acc_0499,0,0
acc_0500,0,0
acc_0501,1,0
acc_0502,1,0
acc_0503,0,0
acc_0504,0,0
acc_0505,1,0
acc_0506,0,1
acc_0507,0,0
acc_0508,0,1
acc_0509,1,0
acc_0510,0,0
acc_0511,0,0
acc_0512,0,0
acc_0513,1,0
acc_0514,1,0
acc_0515,0,0
acc_0516,0,0
acc_0517,0,0
acc_0518,1,0
acc_0519,0,0
acc_0520,0,0
acc_0521,0,0
acc_0522,0,0
acc_0523,0,0
acc_0524,1,0
acc_0525,0,0
acc_0526,1,0
acc_0527,0,0
acc_0528,0,1
acc_0529,1,0
acc_0530,0,1
acc_0531,1,0
acc_0532,1,0
acc_0533,0,0
acc_0534,0,0
acc_0535,0,0
acc_0536,1,0
acc_0537,0,0
acc_0538,0,0
acc_0539,0,0
acc_0540,1,0
acc_0541,1,0
acc_0542,0,0
acc_0543,1,0
acc_0544,1,0
acc_0545,1,1
acc_0546,1,0
acc_0547,1,0
acc_0548,0,0
acc_0549,1,0
acc_0550,1,0
acc_0551,0,0
acc_0552,0,0
acc_0553,1,0
acc_0554,0,0
acc_0555,0,0
acc_0556,0,0
acc_0557,0,0
acc_0558,0,1
acc_0559,0,0
acc_0560,0,0
acc_0561,0,0
acc_0562,0,1
acc_0563,0,0
acc_0564,0,0
acc_0565,1,0
acc_0566,0,0
acc_0567,1,0
acc_0568,0,0
acc_0569,0,0
acc_0570,1,0
acc_0571,0,0
acc_0572,0,0
acc_0573,1,0
acc_0574,0,0
acc_0575,0,0
acc_0576,0,0
acc_0577,1,0
acc_0578,0,0
acc_0579,1,0
acc_0580,0,0
acc_0581,0,0
acc_0582,0,0
acc_0583,1,0
acc_0584,0,0
acc_0585,1,1
acc_0586,1,0
acc_0587,1,0
acc_0588,0,0
acc_0589,0,0
acc_0590,0,0
acc_0591,0,0
acc_0592,1,0
acc_0593,1,0
acc_0594,1,0
acc_0595,0,0
acc_0596,0,0
acc_0597,0,0
acc_0598,0,0
acc_0599,0,0
acc_0600,1,0
acc_0601,0,0
acc_0602,0,0
acc_0603,0,0
acc_0604,0,1
acc_0605,1,0
acc_0606,0,0
acc_0607,1,0
acc_0608,0,1
acc_0609,1,0
acc_0610,0,0
acc_0611,0,0
acc_0612,0,0
acc_0613,1,0
acc_0614,1,1
acc_0615,1,0
acc_0616,1,0
acc_0617,0,0
acc_0618,0,0
acc_0619,0,0
acc_0620,1,0
acc_0621,0,0
acc_0622,0,0
acc_0623,0,0
acc_0624,0,0
acc_0625,0,0
acc_0626,0,0
acc_0627,1,0
acc_0628,0,0
acc_0629,0,0
acc_0630,1,0
acc_0631,0,1
acc_0632,0,0
acc_0633,1,0
acc_0634,1,0
acc_0635,1,1
acc_0636,0,0
acc_0637,0,0
acc_0638,1,1
acc_0639,0,0
acc_0640,0,0
acc_0641,0,0
acc_0642,0,1
acc_0643,1,0
acc_0644,0,0
acc_0645,1,0
acc_0646,1,1
acc_0647,0,0
acc_0648,0,0
acc_0649,0,0
acc_0650,0,0
acc_0651,0,0
acc_0652,0,0
acc_0653,0,0
acc_0654,0,0
acc_0655,0,0
acc_0656,0,0
acc_0657,1,0
acc_0658,1,0
acc_0659,0,0
acc_0660,1,0
acc_0661,0,0
acc_0662,0,0
acc_0663,1,0
acc_0664,1,0
acc_0665,0,0
acc_0666,0,0
acc_0667,1,0
acc_0668,1,0
acc_0669,1,0
acc_0670,0,0
acc_0671,0,0
acc_0672,0,0
acc_0673,0,0
acc_0674,0,0
acc_0675,0,0
acc_0676,1,0
acc_0677,0,0
acc_0678,1,0
acc_0679,0,0
acc_0680,1,1
acc_0681,0,0
acc_0682,0,0
acc_0683,1,0
acc_0684,0,0
acc_0685,1,0
acc_0686,1,0
acc_0687,0,0
acc_0688,0,0
acc_0689,0,0
acc_0690,1,0
acc_0691,0,0
acc_0692,0,0
acc_0693,0,0
acc_0694,1,0
acc_0695,0,0
acc_0696,0,0
acc_0697,1,0
acc_0698,1,1
acc_0699,0,0
acc_0700,0,0
acc_0701,1,0
acc_0702,0,0
acc_0703,0,1
acc_0704,0,0
acc_0705,0,0
acc_0706,0,0
acc_0707,0,0
acc_0708,0,0
acc_0709,0,0
acc_0710,0,0
acc_0711,1,1
acc_0712,1,0
acc_0713,0,0
acc_0714,1,0
acc_0715,0,0
acc_0716,0,0
acc_0717,1,0
acc_0718,0,0
acc_0719,0,0
acc_0720,1,0
acc_0721,1,0
acc_0722,0,0
acc_0723,0,0
acc_0724,0,0
acc_0725,0,0
acc_0726,1,0
acc_0727,1,0
acc_0728,0,0
acc_0729,0,0
acc_0730,1,1
acc_0731,0,0
acc_0732,1,0
acc_0733,0,0
acc_0734,0,1
acc_0735,1,0
acc_0736,1,0
acc_0737,0,0
acc_0738,0,0
acc_0739,1,0
acc_0740,1,0
acc_0741,1,0
acc_0742,0,0
acc_0743,1,0
acc_0744,0,1
acc_0745,0,0
acc_0746,0,0
acc_0747,0,0
acc_0748,1,0
acc_0749,0,0
acc_0750,0,0
acc_0751,1,0
acc_0752,0,0
acc_0753,0,1
acc_0754,0,0
acc_0755,0,0
acc_0756,0,0
acc_0757,0,0
acc_0758,0,0
acc_0759,0,0
acc_0760,0,0
acc_0761,0,1
acc_0762,0,0
acc_0763,1,0
acc_0764,0,1
acc_0765,0,0
acc_0766,0,0
acc_0767,1,0
acc_0768,0,0
acc_0769,1,0
acc_0770,0,1
acc_0771,1,0
acc_0772,0,0
acc_0773,0,0
acc_0774,0,0
acc_0775,1,0
acc_0776,1,0
acc_0777,0,0
acc_0778,1,0
acc_0779,1,1
acc_0780,1,0
acc_0781,0,0
acc_0782,1,0
acc_0783,0,0
acc_0784,1,0
acc_0785,1,0
acc_0786,1,0
acc_0787,0,0
acc_0788,1,0
acc_0789,0,0
acc_0790,0,0
acc_0791,1,0
acc_0792,1,0
acc_0793,1,0
acc_0794,0,0
acc_0795,1,0
acc_0796,1,0
acc_0797,1,0
acc_0798,0,0
acc_0799,0,0
acc_0800,0,0
acc_0801,1,0
acc_0802,0,0
acc_0803,1,0
acc_0804,1,0
acc_0805,1,0
acc_0806,0,0
acc_0807,1,0
acc_0808,1,0
acc_0809,0,0
acc_0810,0,0
acc_0811,0,0
acc_0812,0,0
acc_0813,1,0
acc_0814,0,0
acc_0815,1,0
acc_0816,1,0
acc_0817,0,0
acc_0818,1,0
acc_0819,1,0
acc_0820,0,0
acc_0821,0,0
acc_0822,1,0
acc_0823,1,0
acc_0824,1,0
acc_0825,0,0
acc_0826,0,0
acc_0827,0,1
acc_0828,0,0
acc_0829,1,0
acc_0830,1,1
acc_0831,1,0
acc_0832,1,0
acc_0833,1,0
acc_0834,1,0
acc_0835,1,0
acc_0836,1,0
acc_0837,0,0
acc_0838,0,0
acc_0839,0,1
acc_0840,0,0
acc_0841,1,0
acc_0842,0,0
acc_0843,0,0
acc_0844,1,0
acc_0845,1,0
acc_0846,0,1
acc_0847,1,0
acc_0848,1,0
acc_0849,0,0
acc_0850,0,0
acc_0851,0,0
acc_0852,1,0
acc_0853,0,0
acc_0854,0,1
acc_0855,0,0
acc_0856,0,0
acc_0857,0,0
acc_0858,0,0
acc_0859,1,0
acc_0860,0,0
acc_0861,0,0
acc_0862,1,1
acc_0863,1,0
acc_0864,0,0
acc_0865,1,0
acc_0866,0,0
acc_0867,0,0
acc_0868,0,0
acc_0869,1,0
acc_0870,0,0
acc_0871,0,0
acc_0872,0,0
acc_0873,1,0
acc_0874,0,0
acc_0875,0,0
acc_0876,0,0
acc_0877,1,1
acc_0878,1,0
acc_0879,0,0
acc_0880,0,0
acc_0881,0,0
acc_0882,1,0
acc_0883,1,0
acc_0884,0,0
acc_0885,0,0
acc_0886,0,0
acc_0887,0,0
acc_0888,1,0
acc_0889,0,0
acc_0890,1,1
acc_0891,1,0
acc_0892,0,0
acc_0893,1,0
acc_0894,0,0
acc_0895,0,0
acc_0896,0,0
acc_0897,0,0
acc_0898,1,0
acc_0899,0,1
acc_0900,1,0
acc_0901,0,0
acc_0902,1,0
acc_0903,1,1
acc_0904,0,0
acc_0905,0,0
acc_0906,0,0
acc_0907,1,0
acc_0908,1,0
acc_0909,0,0
acc_0910,1,0
acc_0911,0,0
acc_0912,0,0
acc_0913,0,0
acc_0914,0,0
acc_0915,0,0
acc_0916,0,0
acc_0917,0,0
acc_0918,0,1
acc_0919,0,0
acc_0920,1,0
acc_0921,0,0
acc_0922,1,0
acc_0923,0,0
acc_0924,0,0
acc_0925,0,0
acc_0926,0,0
acc_0927,0,0
acc_0928,0,0
acc_0929,0,0
acc_0930,0,1
acc_0931,0,0
acc_0932,0,0
acc_0933,0,0
acc_0934,0,0
acc_0935,0,0
acc_0936,1,0
acc_0937,0,0
acc_0938,1,0
acc_0939,1,0
acc_0940,0,0
acc_0941,1,1
acc_0942,1,0
acc_0943,0,0
acc_0944,1,1
acc_0945,0,0
acc_0946,0,0
acc_0947,1,0
acc_0948,1,0
acc_0949,1,0
acc_0950,1,0
acc_0951,0,0
acc_0952,1,0
acc_0953,1,0
acc_0954,1,0
acc_0955,1,0
acc_0956,0,0
acc_0957,1,0
acc_0958,1,0
acc_0959,0,1
acc_0960,1,0
acc_0961,0,0
acc_0962,0,0
acc_0963,0,0
acc_0964,1,0
acc_0965,0,0
acc_0966,1,0
acc_0967,1,0
acc_0968,0,0
acc_0969,0,1
acc_0970,0,0
acc_0971,0,0
acc_0972,1,0
acc_0973,0,0
acc_0974,1,0
acc_0975,1,0
acc_0976,1,0
acc_0977,1,0
acc_0978,0,0
acc_0979,0,0
acc_0980,0,0
acc_0981,0,0
acc_0982,0,1
acc_0983,0,0
acc_0984,0,0
acc_0985,1,0
acc_0986,0,0
acc_0987,0,0
acc_0988,1,0
acc_0989,1,0
acc_0990,1,0
acc_0991,1,0
acc_0992,0,1
acc_0993,0,0
acc_0994,1,0
acc_0995,1,0
acc_0996,1,0
acc_0997,1,0
acc_0998,0,0
acc_0999,0,0
acc_1000,0,0
acc_1001,0,0
acc_1002,0,0
acc_1003,0,0
acc_1004,0,0
acc_1005,0,0
acc_1006,1,0
acc_1007,0,0
acc_1008,1,0
acc_1009,1,0
acc_1010,0,0
acc_1011,1,0
acc_1012,0,0
acc_1013,1,0
acc_1014,0,0
acc_1015,1,0
acc_1016,1,0
acc_1017,1,0
acc_1018,0,0
acc_1019,0,0
acc_1020,1,0
acc_1021,0,0
acc_1022,0,0
acc_1023,1,0
acc_1024,1,0
acc_1025,0,0
acc_1026,0,0
acc_1027,1,0
acc_1028,0,0
acc_1029,0,0
acc_1030,0,0
acc_1031,1,1
acc_1032,1,0
acc_1033,1,0
acc_1034,0,0
acc_1035,0,0
acc_1036,0,0
acc_1037,1,0
acc_1038,0,0
acc_1039,1,0
acc_1040,0,0
acc_1041,0,0
acc_1042,1,0
acc_1043,0,0
acc_1044,0,0
acc_1045,0,0
acc_1046,0,0
acc_1047,1,0
acc_1048,0,0
acc_1049,0,0
acc_1050,0,0
acc_1051,0,0
acc_1052,0,0
acc_1053,0,0
acc_1054,1,0
acc_1055,0,0
acc_1056,0,0
acc_1057,0,0
acc_1058,1,1
acc_1059,1,1
acc_1060,1,1
acc_1061,1,0
acc_1062,1,0
acc_1063,1,0
acc_1064,1,0
acc_1065,0,1
acc_1066,0,0
acc_1067,0,0
acc_1068,1,0
acc_1069,0,0
acc_1070,0,0
acc_1071,0,0
acc_1072,0,0
acc_1073,0,0
acc_1074,1,0
acc_1075,1,0
acc_1076,1,0
acc_1077,0,0
acc_1078,0,0
acc_1079,1,0
acc_1080,0,0
acc_1081,0,0
acc_1082,0,0
acc_1083,1,0
acc_1084,0,0
acc_1085,0,0
acc_1086,1,1
acc_1087,0,0
acc_1088,0,1
acc_1089,1,0
acc_1090,1,0
acc_1091,0,0
acc_1092,1,0
acc_1093,0,0
acc_1094,1,0
acc_1095,1,1
acc_1096,0,0
acc_1097,0,0
acc_1098,0,0
acc_1099,0,0
acc_1100,1,0
acc_1101,1,0
acc_1102,0,0
acc_1103,0,0
acc_1104,0,0
acc_1105,0,0
acc_1106,0,0
acc_1107,0,0
acc_1108,0,0
acc_1109,1,0
acc_1110,1,0
acc_1111,0,0
acc_1112,1,0
acc_1113,1,0
acc_1114,1,0
acc_1115,0,0
acc_1116,0,0
acc_1117,1,1
acc_1118,0,0
acc_1119,0,0
acc_1120,0,0
acc_1121,1,0
acc_1122,0,0
acc_1123,0,0
acc_1124,0,0
acc_1125,0,0
acc_1126,1,0
acc_1127,1,0
acc_1128,0,0
acc_1129,0,0
acc_1130,0,0
acc_1131,0,0
acc_1132,0,0
acc_1133,0,0
acc_1134,1,0
acc_1135,1,1
acc_1136,0,0
acc_1137,0,0
acc_1138,0,0
acc_1139,1,0
acc_1140,1,0
acc_1141,1,0
acc_1142,1,0
acc_1143,1,0
acc_1144,1,0
acc_1145,1,0
acc_1146,1,0
acc_1147,0,0
acc_1148,0,0
acc_1149,0,0
acc_1150,0,0
acc_1151,1,0
acc_1152,1,0
acc_1153,0,0
acc_1154,1,0
acc_1155,0,0
acc_1156,0,0
acc_1157,0,0
acc_1158,1,0
acc_1159,1,0
acc_1160,1,0
acc_1161,0,0
acc_1162,0,0
acc_1163,0,0
acc_1164,1,0
acc_1165,0,0
acc_1166,1,0
acc_1167,0,0
acc_1168,1,0
acc_1169,0,0
acc_1170,1,0
acc_1171,0,1
acc_1172,0,0
acc_1173,0,0
acc_1174,0,0
acc_1175,1,0
acc_1176,1,0
acc_1177,0,0
acc_1178,0,0
acc_1179,1,0
acc_1180,1,0
acc_1181,1,0
acc_1182,1,0
acc_1183,1,0
acc_1184,0,0
acc_1185,0,0
acc_1186,0,0
acc_1187,1,0
acc_1188,0,0
acc_1189,1,0
acc_1190,0,0
acc_1191,0,0
acc_1192,0,0
acc_1193,0,0
acc_1194,1,0
acc_1195,0,0
acc_1196,1,0
acc_1197,0,0
acc_1198,1,0
acc_1199,1,0
acc_1200,0,0
acc_1201,0,0
acc_1202,1,0
acc_1203,1,0
acc_1204,1,0
acc_1205,0,0
acc_1206,0,0
acc_1207,1,0
acc_1208,0,0
acc_1209,1,0
acc_1210,0,0
acc_1211,0,0
acc_1212,0,0
acc_1213,0,0
acc_1214,1,0
acc_1215,0,0
acc_1216,1,0
acc_1217,1,0
acc_1218,0,0
acc_1219,0,0
acc_1220,1,0
acc_1221,0,0
acc_1222,1,0
acc_1223,0,0
acc_1224,1,0
acc_1225,0,0
acc_1226,1,0
acc_1227,1,0
acc_1228,0,0
acc_1229,0,0
acc_1230,0,1
acc_1231,0,0
acc_1232,1,1
acc_1233,0,0
acc_1234,1,0
acc_1235,1,0
acc_1236,1,0
acc_1237,1,0
acc_1238,0,0
acc_1239,0,0
acc_1240,1,1
acc_1241,0,0
acc_1242,0,0
acc_1243,0,1
acc_1244,1,0
acc_1245,1,1
acc_1246,1,0
acc_1247,0,0
acc_1248,1,0
acc_1249,0,0
acc_1250,0,0
acc_1251,1,0
acc_1252,1,0
acc_1253,0,1
acc_1254,0,0
acc_1255,0,0
acc_1256,1,0
acc_1257,1,0
acc_1258,0,0
acc_1259,0,0
acc_1260,0,0
acc_1261,0,0
acc_1262,1,0
acc_1263,1,1
acc_1264,1,0
acc_1265,0,0
acc_1266,0,0
acc_1267,1,0
acc_1268,0,0
acc_1269,1,1
acc_1270,1,0
acc_1271,0,0
acc_1272,0,0
acc_1273,1,0
acc_1274,0,0
acc_1275,0,0
acc_1276,0,0
acc_1277,1,0
acc_1278,0,0
acc_1279,1,0
acc_1280,1,0
acc_1281,0,0
acc_1282,1,0
acc_1283,0,0
acc_1284,1,0
acc_1285,0,1
acc_1286,0,0
acc_1287,0,0
acc_1288,1,0
acc_1289,1,0
acc_1290,0,0
acc_1291,0,0
acc_1292,0,0
acc_1293,0,1
acc_1294,0,0
acc_1295,0,0
acc_1296,0,0
acc_1297,0,0
acc_1298,1,1
acc_1299,1,0
acc_1300,0,0
acc_1301,0,0
acc_1302,1,0
acc_1303,0,1
acc_1304,0,0
acc_1305,1,0
acc_1306,1,0
acc_1307,0,0
acc_1308,0,0
acc_1309,0,0
acc_1310,0,0
acc_1311,0,0
acc_1312,1,0
acc_1313,0,0
acc_1314,0,0
acc_1315,1,0
acc_1316,0,0
acc_1317,1,1
acc_1318,0,0
acc_1319,0,0
acc_1320,0,0
acc_1321,1,0
acc_1322,0,0
acc_1323,1,0
acc_1324,1,0
acc_1325,0,0
acc_1326,1,0
acc_1327,0,0
acc_1328,0,1
acc_1329,1,0
acc_1330,1,1
acc_1331,1,0
acc_1332,0,0
acc_1333,1,0
acc_1334,1,0
acc_1335,0,0
acc_1336,1,0
acc_1337,0,0
acc_1338,1,0
acc_1339,0,0
acc_1340,0,0
acc_1341,0,0
acc_1342,0,0
acc_1343,0,0
acc_1344,0,0
acc_1345,0,0
acc_1346,0,0
acc_1347,1,0
acc_1348,0,0
acc_1349,0,0
acc_1350,0,0
acc_1351,0,0
acc_1352,0,0
acc_1353,0,0
acc_1354,0,0
acc_1355,1,0
acc_1356,0,0
acc_1357,1,0
acc_1358,1,0
acc_1359,0,0
acc_1360,1,0
acc_1361,1,0
acc_1362,0,0
acc_1363,0,0
acc_1364,1,0
acc_1365,1,0
acc_1366,0,0
acc_1367,1,0
acc_1368,0,0
acc_1369,0,0
acc_1370,1,0
acc_1371,1,0
acc_1372,0,0
acc_1373,0,0
acc_1374,0,0
acc_1375,0,0
acc_1376,0,1
acc_1377,0,0
acc_1378,1,0
acc_1379,0,1
acc_1380,0,0
acc_1381,0,1
acc_1382,1,0
acc_1383,0,0
acc_1384,1,1
acc_1385,0,0
acc_1386,0,0
acc_1387,0,0
acc_1388,0,0
acc_1389,0,1
acc_1390,1,1
acc_1391,0,0
acc_1392,0,0
acc_1393,0,0
acc_1394,1,0
acc_1395,0,0
acc_1396,1,0
acc_1397,0,0
acc_1398,0,0
acc_1399,0,1
acc_1400,0,0
acc_1401,1,0
acc_1402,1,0
acc_1403,0,0
acc_1404,0,1
acc_1405,1,0
acc_1406,1,1
acc_1407,0,0
acc_1408,0,0
acc_1409,0,0
acc_1410,0,0
acc_1411,0,0
acc_1412,0,0
acc_1413,0,0
acc_1414,0,0
acc_1415,0,0
acc_1416,1,0
acc_1417,0,0
acc_1418,1,0
acc_1419,0,0
acc_1420,1,0
acc_1421,1,0
acc_1422,1,0
acc_1423,1,0
acc_1424,0,0
acc_1425,1,0
acc_1426,1,0
acc_1427,0,0
acc_1428,1,0
acc_1429,0,0
acc_1430,1,0
acc_1431,1,0
acc_1432,1,0
acc_1433,0,1
acc_1434,1,1
acc_1435,1,0
acc_1436,0,0
acc_1437,0,0
acc_1438,0,0
acc_1439,1,0
acc_1440,1,0
acc_1441,1,0
acc_1442,0,0
acc_1443,1,0
acc_1444,1,0
acc_1445,0,0
acc_1446,0,1
acc_1447,0,0
acc_1448,0,1
acc_1449,0,0
acc_1450,0,0
acc_1451,1,0
acc_1452,0,0
acc_1453,0,0
acc_1454,1,0
acc_1455,1,0
acc_1456,1,0
acc_1457,0,0
acc_1458,0,0
acc_1459,1,0
acc_1460,0,0
acc_1461,0,0
acc_1462,0,0
acc_1463,1,0
acc_1464,0,0
acc_1465,0,1
acc_1466,0,0
acc_1467,0,1
acc_1468,0,0
acc_1469,0,0
acc_1470,1,0
acc_1471,0,0
acc_1472,0,0
acc_1473,0,0
acc_1474,0,1
acc_1475,0,0
acc_1476,0,0
acc_1477,0,0
acc_1478,1,0
acc_1479,0,0
acc_1480,0,1
acc_1481,1,0
acc_1482,0,0
acc_1483,1,0
acc_1484,0,0
acc_1485,0,0
acc_1486,1,0
acc_1487,1,0
acc_1488,0,0
acc_1489,0,0
acc_1490,1,0
acc_1491,0,1
acc_1492,1,0
acc_1493,1,0
acc_1494,1,0
acc_1495,0,0
acc_1496,1,1
acc_1497,0,0
acc_1498,0,1
acc_1499,0,0
acc_1500,0,0
acc_1501,0,0
acc_1502,0,0
acc_1503,0,0
acc_1504,0,0
acc_1505,0,0
acc_1506,0,0
acc_1507,0,0
acc_1508,0,0
acc_1509,0,0
acc_1510,0,0
acc_1511,1,0
acc_1512,1,0
acc_1513,1,0
acc_1514,0,0
acc_1515,0,0
acc_1516,1,0
acc_1517,0,0
acc_1518,1,0
acc_1519,0,0
acc_1520,1,0
acc_1521,0,0
acc_1522,0,0
acc_1523,0,0
acc_1524,0,0
acc_1525,1,1
acc_1526,0,0
acc_1527,0,0
acc_1528,0,0
acc_1529,0,0
acc_1530,0,0
acc_1531,1,0
acc_1532,1,0
acc_1533,1,0
acc_1534,0,0
acc_1535,0,0
acc_1536,1,0
acc_1537,1,0
acc_1538,0,1
acc_1539,0,0
acc_1540,0,0
acc_1541,0,0
acc_1542,1,0
acc_1543,0,0
acc_1544,0,0
acc_1545,0,0
acc_1546,1,0
acc_1547,0,0
acc_1548,1,0
acc_1549,1,0
acc_1550,1,0
acc_1551,0,0
acc_1552,1,1
acc_1553,1,1
acc_1554,0,0
acc_1555,1,0
acc_1556,0,0
acc_1557,0,0
acc_1558,1,0
acc_1559,0,0
acc_1560,1,0
acc_1561,0,0
acc_1562,1,0
acc_1563,1,0
acc_1564,1,0
acc_1565,0,0
acc_1566,1,0
acc_1567,0,0
acc_1568,0,0
acc_1569,0,0
acc_1570,0,0
acc_1571,0,0
acc_1572,0,1
acc_1573,1,0
acc_1574,0,0
acc_1575,1,0
acc_1576,1,0
acc_1577,1,0
acc_1578,0,0
acc_1579,1,0
acc_1580,0,0
acc_1581,0,0
acc_1582,0,0
acc_1583,0,0
acc_1584,1,0
acc_1585,0,0
acc_1586,1,1
acc_1587,0,0
acc_1588,0,0
acc_1589,1,0
acc_1590,0,0
acc_1591,0,0
acc_1592,0,0
acc_1593,1,0
acc_1594,0,1
acc_1595,0,0
acc_1596,1,0
acc_1597,1,0
acc_1598,0,0
acc_1599,1,0
acc_1600,1,0
acc_1601,0,1
acc_1602,1,0
acc_1603,1,1
acc_1604,1,0
acc_1605,1,0
acc_1606,1,0
acc_1607,0,0
acc_1608,1,0
acc_1609,1,0
acc_1610,0,1
acc_1611,1,0
acc_1612,1,1
acc_1613,0,0
acc_1614,0,0
acc_1615,0,0
acc_1616,0,0
acc_1617,1,0
acc_1618,0,0
acc_1619,1,0
acc_1620,1,1
acc_1621,1,0
acc_1622,1,0
acc_1623,1,1
acc_1624,1,0
acc_1625,0,0
acc_1626,0,0
acc_1627,0,0
acc_1628,1,0
acc_1629,0,0
acc_1630,0,0
acc_1631,1,0
acc_1632,1,0
acc_1633,0,0
acc_1634,1,0
acc_1635,1,0
acc_1636,1,0
acc_1637,0,0
acc_1638,0,0
acc_1639,1,0
acc_1640,0,0
acc_1641,0,0
acc_1642,0,0
acc_1643,0,0
acc_1644,1,0
acc_1645,0,0
acc_1646,1,0
acc_1647,1,0
acc_1648,1,1
acc_1649,0,0
acc_1650,0,0
acc_1651,1,0
acc_1652,1,0
acc_1653,0,0
acc_1654,1,1
acc_1655,1,1
acc_1656,0,0
acc_1657,0,0
acc_1658,1,0
acc_1659,0,0
acc_1660,1,0
acc_1661,0,0
acc_1662,0,0
acc_1663,0,0
acc_1664,0,0
acc_1665,1,0
acc_1666,0,0
acc_1667,1,0
acc_1668,1,0
acc_1669,0,0
acc_1670,1,0
acc_1671,0,0
acc_1672,0,0
acc_1673,0,0
acc_1674,0,0
acc_1675,1,0
acc_1676,0,0
acc_1677,0,0
acc_1678,0,0
acc_1679,0,0
acc_1680,0,0
acc_1681,1,0
acc_1682,0,0
acc_1683,0,0
acc_1684,1,1
acc_1685,1,0
acc_1686,1,0
acc_1687,1,0
acc_1688,1,1
acc_1689,1,0
acc_1690,1,0
acc_1691,1,0
acc_1692,1,0
acc_1693,0,0
acc_1694,0,0
acc_1695,1,0
acc_1696,0,0
acc_1697,0,0
acc_1698,0,0
acc_1699,1,0
acc_1700,0,0
acc_1701,1,1
acc_1702,1,0
acc_1703,0,0
acc_1704,0,0
acc_1705,0,0
acc_1706,1,0
acc_1707,1,0
acc_1708,1,0
acc_1709,1,0
acc_1710,0,0
acc_1711,0,0
acc_1712,0,0
acc_1713,0,0
acc_1714,0,0
acc_1715,0,0
acc_1716,1,1
acc_1717,1,0
acc_1718,0,0
acc_1719,1,0
acc_1720,0,0
acc_1721,1,0
acc_1722,0,0
acc_1723,0,0
acc_1724,1,0
acc_1725,0,0
acc_1726,1,0
acc_1727,0,0
acc_1728,0,0
acc_1729,1,1
acc_1730,0,0
acc_1731,0,0
acc_1732,0,0
acc_1733,1,0
acc_1734,1,0
acc_1735,1,0
acc_1736,0,0
acc_1737,1,0
acc_1738,0,0
acc_1739,0,0
acc_1740,0,0
acc_1741,1,0
acc_1742,0,0
acc_1743,1,1
acc_1744,0,0
acc_1745,0,0
acc_1746,1,0
acc_1747,1,0
acc_1748,0,0
acc_1749,0,0
acc_1750,0,0
acc_1751,1,0
acc_1752,0,0
acc_1753,0,0
acc_1754,0,0
acc_1755,1,0
acc_1756,0,0
acc_1757,1,0
acc_1758,0,0
acc_1759,1,0
acc_1760,0,0
acc_1761,1,0
acc_1762,0,0
acc_1763,0,1
acc_1764,0,0
acc_1765,1,0
acc_1766,0,0
acc_1767,1,0
acc_1768,0,0
acc_1769,0,1
acc_1770,1,0
acc_1771,0,0
acc_1772,1,0
acc_1773,1,0
acc_1774,1,0
acc_1775,1,1
acc_1776,1,0
acc_1777,0,1
acc_1778,0,0
acc_1779,1,0
acc_1780,0,0
acc_1781,1,0
acc_1782,1,0
acc_1783,0,0
acc_1784,1,0
acc_1785,1,0
acc_1786,1,0
acc_1787,0,0
acc_1788,0,0
acc_1789,1,0
acc_1790,1,0
acc_1791,0,0
acc_1792,1,0
acc_1793,1,0
acc_1794,0,0
acc_1795,0,0
acc_1796,0,0
acc_1797,0,0
acc_1798,1,0
acc_1799,0,0
acc_1800,1,1
acc_1801,0,0
acc_1802,0,0
acc_1803,1,0
acc_1804,1,0
acc_1805,0,0
acc_1806,0,0
acc_1807,1,0
acc_1808,1,0
acc_1809,1,1
acc_1810,1,0
acc_1811,0,0
acc_1812,1,0
acc_1813,1,0
acc_1814,1,0
acc_1815,0,0
acc_1816,0,0
acc_1817,1,0
acc_1818,0,0
acc_1819,0,0
acc_1820,0,0
acc_1821,0,0
acc_1822,0,0
acc_1823,1,0
acc_1824,0,0
acc_1825,0,0
acc_1826,0,0
acc_1827,1,0
acc_1828,1,0
acc_1829,0,1
acc_1830,0,1
acc_1831,0,0
acc_1832,1,0
acc_1833,1,1
acc_1834,1,0
acc_1835,0,0
acc_1836,1,0
acc_1837,0,0
acc_1838,0,0
acc_1839,0,0
acc_1840,0,1
acc_1841,1,0
acc_1842,0,0
acc_1843,0,0
acc_1844,0,0
acc_1845,0,0
acc_1846,0,0
acc_1847,1,0
acc_1848,0,0
acc_1849,1,0
acc_1850,1,0
acc_1851,0,0
acc_1852,0,0
acc_1853,1,1
acc_1854,0,1
acc_1855,1,0
acc_1856,0,0
acc_1857,0,0
acc_1858,0,0
acc_1859,0,0
acc_1860,1,0
acc_1861,0,0
acc_1862,1,0
acc_1863,0,0
acc_1864,1,0
acc_1865,1,1
acc_1866,0,0
acc_1867,0,1
acc_1868,0,0
acc_1869,1,0
acc_1870,1,0
acc_1871,0,0
acc_1872,1,0
acc_1873,0,0
acc_1874,0,0
acc_1875,0,0
acc_1876,1,0
acc_1877,0,0
acc_1878,1,0
acc_1879,1,0
acc_1880,1,0
acc_1881,0,0
acc_1882,1,0
acc_1883,0,0
acc_1884,0,0
acc_1885,0,0
acc_1886,0,0
acc_1887,1,0
acc_1888,0,1
acc_1889,1,0
acc_1890,0,1
acc_1891,1,0
acc_1892,0,0
acc_1893,0,0
acc_1894,0,0
acc_1895,0,0
acc_1896,0,0
acc_1897,1,0
acc_1898,0,0
acc_1899,0,0
acc_1900,1,0
acc_1901,0,0
acc_1902,1,0
acc_1903,1,1
acc_1904,0,0
acc_1905,0,0
acc_1906,0,0
acc_1907,0,0
acc_1908,0,0
acc_1909,1,0
acc_1910,0,0
acc_1911,0,0
acc_1912,0,0
acc_1913,0,0
acc_1914,0,0
acc_1915,1,0
acc_1916,0,1
acc_1917,0,0
acc_1918,0,0
acc_1919,0,0
acc_1920,1,0
acc_1921,1,0
acc_1922,0,1
acc_1923,0,0
acc_1924,0,0
acc_1925,1,0
acc_1926,0,0
acc_1927,1,0
acc_1928,1,0
acc_1929,0,0
acc_1930,0,0
acc_1931,1,0
acc_1932,0,0
acc_1933,1,0
acc_1934,1,0
acc_1935,1,0
acc_1936,0,0
acc_1937,0,0
acc_1938,1,0
acc_1939,1,0
acc_1940,1,0
acc_1941,0,0
acc_1942,1,0
acc_1943,1,0
acc_1944,0,0
acc_1945,0,0
acc_1946,1,0
acc_1947,0,0
acc_1948,0,0
acc_1949,0,0
acc_1950,1,0
acc_1951,0,1
acc_1952,0,1
acc_1953,0,0
acc_1954,1,0
acc_1955,0,0
acc_1956,0,0
acc_1957,0,0
acc_1958,0,0
acc_1959,0,0
acc_1960,0,0
acc_1961,1,0
acc_1962,0,0
acc_1963,0,0
acc_1964,0,0
acc_1965,1,0
acc_1966,1,0
acc_1967,0,0
acc_1968,1,0
acc_1969,0,0
acc_1970,0,0
acc_1971,1,0
acc_1972,0,0
acc_1973,1,0
acc_1974,0,0
acc_1975,1,0
acc_1976,0,0
acc_1977,1,0
acc_1978,0,1
acc_1979,0,0
acc_1980,0,0
acc_1981,0,1
acc_1982,1,1
acc_1983,0,0
acc_1984,0,0
acc_1985,0,1
acc_1986,0,0
acc_1987,0,0
acc_1988,0,0
acc_1989,0,0
acc_1990,0,0
acc_1991,1,0
acc_1992,0,0
acc_1993,0,0
acc_1994,0,0
acc_1995,1,0
acc_1996,1,0
acc_1997,1,0
acc_1998,0,0
acc_1999,0,0
acc_2000,0,0
acc_2001,0,1
acc_2002,1,0
acc_2003,1,0
acc_2004,1,0
acc_2005,1,0
acc_2006,1,0
acc_2007,0,0
acc_2008,1,0
acc_2009,0,0
acc_2010,0,0
acc_2011,0,0
acc_2012,0,0
acc_2013,0,0
acc_2014,0,0
acc_2015,0,0
acc_2016,0,0
acc_2017,1,0
acc_2018,0,0
acc_2019,1,0
acc_2020,1,0
acc_2021,0,0
acc_2022,0,0
acc_2023,0,1
acc_2024,0,1
acc_2025,0,0
acc_2026,1,1
acc_2027,1,0
acc_2028,0,0
acc_2029,0,0
acc_2030,1,0
acc_2031,1,0
acc_2032,0,0
acc_2033,0,0
acc_2034,1,0
acc_2035,1,0
acc_2036,0,1
acc_2037,0,0
acc_2038,1,0
acc_2039,0,0
acc_2040,0,1
acc_2041,0,0
acc_2042,1,0
acc_2043,1,0
acc_2044,0,0
acc_2045,0,0
acc_2046,1,0
acc_2047,1,0
acc_2048,1,0
acc_2049,0,0
acc_2050,1,0
acc_2051,1,0
acc_2052,0,0
acc_2053,1,1
acc_2054,1,0
acc_2055,1,0
acc_2056,1,0
acc_2057,1,0
acc_2058,0,0
acc_2059,0,0
acc_2060,0,0
acc_2061,0,0
acc_2062,1,0
acc_2063,0,0
acc_2064,0,1
acc_2065,0,1
acc_2066,1,1
acc_2067,1,0
acc_2068,0,0
acc_2069,0,0
acc_2070,1,0
acc_2071,1,0
acc_2072,1,0
acc_2073,1,0
acc_2074,1,0
acc_2075,0,0
acc_2076,0,0
acc_2077,0,0
acc_2078,0,0
acc_2079,0,0
acc_2080,1,0
acc_2081,0,0
acc_2082,1,0
acc_2083,0,0
acc_2084,1,0
acc_2085,0,0
acc_2086,1,1
acc_2087,1,0
acc_2088,1,0
acc_2089,1,0
acc_2090,0,0
acc_2091,1,0
acc_2092,1,0
acc_2093,0,0
acc_2094,0,0
acc_2095,0,0
acc_2096,0,0
acc_2097,1,0
acc_2098,1,0
acc_2099,0,0
acc_2100,1,0
acc_2101,0,0
acc_2102,1,0
acc_2103,0,0
acc_2104,1,0
acc_2105,1,0
acc_2106,1,0
acc_2107,0,0
acc_2108,0,0
acc_2109,1,0
acc_2110,0,0
acc_2111,0,1
acc_2112,1,0
acc_2113,1,1
acc_2114,0,1
acc_2115,1,0
acc_2116,0,0
acc_2117,1,0
acc_2118,1,0
acc_2119,0,0
acc_2120,0,0
acc_2121,0,0
acc_2122,1,0
acc_2123,0,0
acc_2124,0,0
acc_2125,1,0
acc_2126,0,0
acc_2127,0,0
acc_2128,0,0
acc_2129,0,0
acc_2130,0,0
acc_2131,1,0
acc_2132,1,0
acc_2133,1,0
acc_2134,1,0
acc_2135,0,0
acc_2136,0,0
acc_2137,1,0
acc_2138,1,0
acc_2139,0,0
acc_2140,1,0
acc_2141,1,0
acc_2142,0,0
acc_2143,1,0
acc_2144,0,1
acc_2145,0,0
acc_2146,0,0
acc_2147,1,1
acc_2148,0,0
acc_2149,0,0
acc_2150,1,0
acc_2151,0,0
acc_2152,0,0
acc_2153,0,0
acc_2154,0,0
acc_2155,0,0
acc_2156,0,0
acc_2157,1,1
acc_2158,0,0
acc_2159,1,0
acc_2160,1,1
acc_2161,1,0
acc_2162,1,0
acc_2163,1,1
acc_2164,0,0
acc_2165,0,0
acc_2166,1,0
acc_2167,0,0
acc_2168,0,1
acc_2169,0,0
acc_2170,0,0
acc_2171,1,0
acc_2172,1,0
acc_2173,1,0
acc_2174,0,0
acc_2175,0,0
acc_2176,0,0
acc_2177,0,0
acc_2178,1,0
acc_2179,0,0
acc_2180,0,0
acc_2181,1,1
acc_2182,1,0
acc_2183,0,0
acc_2184,0,0
acc_2185,0,1
acc_2186,1,0
acc_2187,0,0
acc_2188,0,0
acc_2189,1,0
acc_2190,1,0
acc_2191,1,0
acc_2192,0,0
acc_2193,0,0
acc_2194,0,0
acc_2195,0,0
acc_2196,1,0
acc_2197,1,0
acc_2198,0,0
acc_2199,0,0
acc_2200,0,0
acc_2201,0,0
acc_2202,0,0
acc_2203,0,0
acc_2204,1,0
acc_2205,0,0
acc_2206,1,0
acc_2207,1,1
acc_2208,0,0
acc_2209,0,0
acc_2210,0,0
acc_2211,0,0
acc_2212,1,0
acc_2213,1,0
acc_2214,0,0
acc_2215,1,0
acc_2216,0,0
acc_2217,1,0
acc_2218,0,0
acc_2219,1,0
acc_2220,0,0
acc_2221,1,0
acc_2222,1,0
acc_2223,1,1
acc_2224,0,0
acc_2225,1,0
acc_2226,0,0
acc_2227,0,0
acc_2228,1,0
acc_2229,1,1
acc_2230,0,0
acc_2231,1,0
acc_2232,0,1
acc_2233,0,0
acc_2234,0,1
acc_2235,0,0
acc_2236,0,0
acc_2237,1,0
acc_2238,0,0
acc_2239,0,0
acc_2240,0,0
acc_2241,0,0
acc_2242,0,0
acc_2243,1,0
acc_2244,0,0
acc_2245,0,0
acc_2246,0,0
acc_2247,0,0
acc_2248,0,0
acc_2249,0,0
acc_2250,1,0
acc_2251,0,1
acc_2252,0,0
acc_2253,1,0
acc_2254,1,0
acc_2255,1,0
acc_2256,1,0
acc_2257,0,1
acc_2258,0,0
acc_2259,0,0
acc_2260,0,0
acc_2261,0,0
acc_2262,0,1
acc_2263,0,0
acc_2264,0,0
acc_2265,1,0
acc_2266,0,0
acc_2267,0,0
acc_2268,0,0
acc_2269,1,1
acc_2270,1,1
acc_2271,0,0
acc_2272,0,0
acc_2273,0,0
acc_2274,1,0
acc_2275,1,0
acc_2276,0,0
acc_2277,1,0
acc_2278,0,0
acc_2279,0,0
acc_2280,1,0
acc_2281,0,0
acc_2282,0,0
acc_2283,0,0
acc_2284,0,0
acc_2285,1,0
acc_2286,1,0
acc_2287,1,0
acc_2288,1,0
acc_2289,1,0
acc_2290,0,0
acc_2291,0,0
acc_2292,0,0
acc_2293,1,0
acc_2294,0,0
acc_2295,0,0
acc_2296,0,0
acc_2297,1,1
acc_2298,1,0
acc_2299,1,0
acc_2300,0,0
acc_2301,0,0
acc_2302,1,0
acc_2303,0,0
acc_2304,1,0
acc_2305,0,0
acc_2306,0,0
acc_2307,1,1
acc_2308,1,0
acc_2309,1,0
acc_2310,1,0
acc_2311,1,0
acc_2312,0,0
acc_2313,0,0
acc_2314,0,0
acc_2315,1,0
acc_2316,0,1
acc_2317,1,0
acc_2318,0,0
acc_2319,0,0
acc_2320,1,0
acc_2321,0,1
acc_2322,0,0
acc_2323,1,0
acc_2324,1,0
acc_2325,0,0
acc_2326,0,1
acc_2327,1,0
acc_2328,1,0
acc_2329,1,0
acc_2330,0,0
acc_2331,1,0
acc_2332,0,0
acc_2333,0,0
acc_2334,1,0
acc_2335,0,0
acc_2336,1,0
acc_2337,1,0
acc_2338,0,0
acc_2339,1,0
acc_2340,0,0
acc_2341,0,0
acc_2342,1,0
acc_2343,0,0
acc_2344,0,0
acc_2345,1,0
acc_2346,1,0
acc_2347,0,0
acc_2348,0,0
acc_2349,0,0
acc_2350,0,0
acc_2351,1,1
acc_2352,0,0
acc_2353,0,0
acc_2354,1,0
acc_2355,0,0
acc_2356,1,0
acc_2357,0,0
acc_2358,0,1
acc_2359,0,0
acc_2360,0,0
acc_2361,0,0
acc_2362,0,0
acc_2363,0,1
acc_2364,0,0
acc_2365,1,1
acc_2366,1,0
acc_2367,1,0
acc_2368,0,0
acc_2369,0,1
acc_2370,0,0
acc_2371,0,0
acc_2372,0,0
acc_2373,1,0
acc_2374,1,1
acc_2375,0,0
acc_2376,0,1
acc_2377,0,0
acc_2378,0,0
acc_2379,0,0
acc_2380,0,0
acc_2381,0,0
acc_2382,1,0
acc_2383,0,0
acc_2384,0,0
acc_2385,0,0
acc_2386,1,0
acc_2387,0,0
acc_2388,0,0
acc_2389,1,0
acc_2390,1,0
acc_2391,0,0
acc_2392,1,0
acc_2393,0,0
acc_2394,1,1
acc_2395,1,0
acc_2396,1,0
acc_2397,0,0
acc_2398,0,0
acc_2399,1,0
acc_2400,1,0
acc_2401,0,0
acc_2402,1,1
acc_2403,0,0
acc_2404,0,0
acc_2405,1,0
acc_2406,0,0
acc_2407,0,0
acc_2408,1,0
acc_2409,1,0
acc_2410,1,0
acc_2411,0,0
acc_2412,0,0
acc_2413,0,0
acc_2414,1,0
acc_2415,0,0
acc_2416,1,0
acc_2417,1,0
acc_2418,0,0
acc_2419,1,0
acc_2420,1,0
acc_2421,0,0
acc_2422,0,0
acc_2423,1,0
acc_2424,1,0
acc_2425,0,0
acc_2426,0,1
acc_2427,1,0
acc_2428,1,0
acc_2429,1,0
acc_2430,1,0
acc_2431,0,0
acc_2432,0,0
acc_2433,0,0
acc_2434,1,0
acc_2435,1,0
acc_2436,1,1
acc_2437,0,0
acc_2438,0,0
acc_2439,0,0
acc_2440,0,0
acc_2441,0,0
acc_2442,0,0
acc_2443,0,0
acc_2444,1,0
acc_2445,0,0
acc_2446,1,0
acc_2447,0,0
acc_2448,1,0
acc_2449,1,0
acc_2450,1,0
acc_2451,1,0
acc_2452,0,0
acc_2453,1,0
acc_2454,0,0
acc_2455,0,0
acc_2456,1,1
acc_2457,0,0
acc_2458,1,0
acc_2459,0,0
acc_2460,1,1
acc_2461,0,0
acc_2462,0,0
acc_2463,1,0
acc_2464,1,0
acc_2465,0,0
acc_2466,0,0
acc_2467,1,1
acc_2468,0,0
acc_2469,0,0
acc_2470,1,0
acc_2471,1,0
acc_2472,0,0
acc_2473,0,0
acc_2474,0,0
acc_2475,0,0
acc_2476,0,0
acc_2477,0,0
acc_2478,1,0
acc_2479,0,0
acc_2480,0,1
acc_2481,0,0
acc_2482,1,0
acc_2483,0,0
acc_2484,0,0
acc_2485,0,0
acc_2486,1,0
acc_2487,0,1
acc_2488,0,0
acc_2489,0,0
acc_2490,0,0
acc_2491,1,0
acc_2492,0,0
acc_2493,1,0
acc_2494,1,0
acc_2495,0,0
acc_2496,1,0
acc_2497,1,0
acc_2498,0,0
acc_2499,0,0
acc_2500,0,0
acc_2501,1,0
acc_2502,1,1
acc_2503,1,1
acc_2504,1,0
acc_2505,0,0
acc_2506,0,0
acc_2507,0,0
acc_2508,1,0
acc_2509,0,0
acc_2510,1,1
acc_2511,0,0
acc_2512,0,0
acc_2513,0,0
acc_2514,1,0
acc_2515,0,0
acc_2516,1,0
acc_2517,1,0
acc_2518,0,0
acc_2519,0,0
acc_2520,0,0
acc_2521,1,0
acc_2522,1,0
acc_2523,0,0
acc_2524,0,0
acc_2525,0,0
acc_2526,0,0
acc_2527,0,0
acc_2528,0,0
acc_2529,1,0
acc_2530,1,0
acc_2531,0,0
acc_2532,0,0
acc_2533,1,0
acc_2534,0,0
acc_2535,0,1
acc_2536,1,0
acc_2537,0,0
acc_2538,0,1
acc_2539,0,0
acc_2540,0,0
acc_2541,1,0
acc_2542,0,0
acc_2543,0,0
acc_2544,1,1
acc_2545,0,0
acc_2546,0,0
acc_2547,0,0
acc_2548,0,0
acc_2549,0,1
acc_2550,1,0
acc_2551,0,0
acc_2552,0,1
acc_2553,0,0
acc_2554,0,0
acc_2555,0,0
acc_2556,1,0
acc_2557,0,0
acc_2558,0,0
acc_2559,1,0
acc_2560,0,0
acc_2561,1,0
acc_2562,0,0
acc_2563,0,0
acc_2564,1,0
acc_2565,1,0
acc_2566,0,0
acc_2567,0,0
acc_2568,1,0
acc_2569,0,0
acc_2570,1,0
acc_2571,1,0
acc_2572,0,0
acc_2573,1,0
acc_2574,0,1
acc_2575,0,0
acc_2576,1,0
acc_2577,0,1
acc_2578,1,0
acc_2579,0,0
acc_2580,1,0
acc_2581,1,0
acc_2582,1,1
acc_2583,0,1
acc_2584,0,0
acc_2585,0,0
acc_2586,1,0
acc_2587,0,0
acc_2588,1,0
acc_2589,0,0
acc_2590,0,0
acc_2591,1,0
acc_2592,1,0
acc_2593,0,0
acc_2594,0,0
acc_2595,0,0
acc_2596,0,0
acc_2597,0,1
acc_2598,1,0
acc_2599,0,0
acc_2600,0,0
acc_2601,1,0
acc_2602,0,0
acc_2603,1,0
acc_2604,0,0
acc_2605,1,1
acc_2606,1,0
acc_2607,1,0
acc_2608,0,0
acc_2609,0,0
acc_2610,0,0
acc_2611,0,0
acc_2612,0,0
acc_2613,0,0
acc_2614,0,0
acc_2615,1,0
acc_2616,1,0
acc_2617,1,0
acc_2618,0,0
acc_2619,0,0
acc_2620,1,0
acc_2621,0,0
acc_2622,0,0
acc_2623,0,0
acc_2624,1,0
acc_2625,0,0
acc_2626,1,0
acc_2627,1,0
acc_2628,0,0
acc_2629,0,0
acc_2630,0,0
acc_2631,0,0
acc_2632,1,1
acc_2633,0,0
acc_2634,0,0
acc_2635,0,0
acc_2636,1,0
acc_2637,0,1
acc_2638,0,0
acc_2639,1,1
acc_2640,0,0
acc_2641,1,0
acc_2642,0,0
acc_2643,1,0
acc_2644,1,0
acc_2645,1,0
acc_2646,1,0
acc_2647,0,0
acc_2648,0,0
acc_2649,0,0
acc_2650,0,0
acc_2651,0,0
acc_2652,0,0
acc_2653,1,0
acc_2654,0,0
acc_2655,0,1
acc_2656,1,0
acc_2657,0,0
acc_2658,0,0
acc_2659,0,0
acc_2660,1,0
acc_2661,0,0
acc_2662,1,0
acc_2663,1,0
acc_2664,1,0
acc_2665,1,0
acc_2666,0,0
acc_2667,1,0
acc_2668,0,0
acc_2669,0,0
acc_2670,0,0
acc_2671,1,0
acc_2672,1,0
acc_2673,1,1
acc_2674,0,0
acc_2675,1,1
acc_2676,0,0
acc_2677,1,0
acc_2678,1,0
acc_2679,0,0
acc_2680,0,0
acc_2681,0,0
acc_2682,0,0
acc_2683,0,0
acc_2684,0,1
acc_2685,0,0
acc_2686,1,1
acc_2687,0,0
acc_2688,0,0
acc_2689,1,0
acc_2690,1,0
acc_2691,1,0
acc_2692,1,0
acc_2693,0,0
acc_2694,0,0
acc_2695,1,0
acc_2696,0,0
acc_2697,1,0
acc_2698,0,0
acc_2699,1,0
acc_2700,0,1
acc_2701,0,0
acc_2702,0,0
acc_2703,0,0
acc_2704,0,0
acc_2705,0,0
acc_2706,0,0
acc_2707,1,0
acc_2708,0,0
acc_2709,1,0
acc_2710,1,0
acc_2711,0,0
acc_2712,0,0
acc_2713,0,0
acc_2714,0,0
acc_2715,0,0
acc_2716,0,0
acc_2717,0,0
acc_2718,0,0
acc_2719,1,0
acc_2720,0,0
acc_2721,0,0
acc_2722,1,1
acc_2723,0,0
acc_2724,0,0
acc_2725,1,0
acc_2726,0,0
acc_2727,0,0
acc_2728,0,1
acc_2729,0,0
acc_2730,1,0
acc_2731,1,0
acc_2732,1,0
acc_2733,0,0
acc_2734,1,0
acc_2735,0,0
acc_2736,1,0
acc_2737,0,0
acc_2738,1,1
acc_2739,1,0
acc_2740,0,0
acc_2741,0,0
acc_2742,1,0
acc_2743,0,0
acc_2744,1,0
acc_2745,0,0
acc_2746,1,1
acc_2747,0,0
acc_2748,1,0
acc_2749,0,0
acc_2750,0,1
acc_2751,1,0
acc_2752,1,0
acc_2753,1,0
acc_2754,0,0
acc_2755,0,0
acc_2756,0,0
acc_2757,0,0
acc_2758,0,1
acc_2759,0,0
acc_2760,0,0
acc_2761,0,0
acc_2762,0,0
acc_2763,0,0
acc_2764,0,0
acc_2765,0,0
acc_2766,0,0
acc_2767,1,0
acc_2768,0,1
acc_2769,0,0
acc_2770,1,1
acc_2771,0,0
acc_2772,0,0
acc_2773,0,0
acc_2774,0,0
acc_2775,0,0
acc_2776,0,0
acc_2777,0,0
acc_2778,0,0
acc_2779,1,1
acc_2780,0,0
acc_2781,1,0
acc_2782,1,0
acc_2783,1,0
acc_2784,1,1
acc_2785,0,0
acc_2786,0,0
acc_2787,1,0
acc_2788,0,0
acc_2789,0,0
acc_2790,0,0
acc_2791,0,0
acc_2792,1,1
acc_2793,1,1
acc_2794,0,0
acc_2795,1,0
acc_2796,1,0
acc_2797,1,0
acc_2798,0,0
acc_2799,0,1
acc_2800,1,0
acc_2801,1,0
acc_2802,1,0
acc_2803,0,0
acc_2804,1,0
acc_2805,0,0
acc_2806,1,0
acc_2807,1,1
acc_2808,0,0
acc_2809,0,0
acc_2810,1,0
acc_2811,0,0
acc_2812,0,0
acc_2813,0,0
acc_2814,0,1
acc_2815,0,1
acc_2816,0,0
acc_2817,0,0
acc_2818,0,0
acc_2819,0,0
acc_2820,1,0
acc_2821,1,0
acc_2822,1,1
acc_2823,0,1
acc_2824,1,0
acc_2825,0,0
acc_2826,0,0
acc_2827,0,0
acc_2828,0,0
acc_2829,1,0
acc_2830,0,0
acc_2831,0,0
acc_2832,0,0
acc_2833,0,0
acc_2834,0,0
acc_2835,1,0
acc_2836,0,0
acc_2837,1,0
acc_2838,0,0
acc_2839,1,0
acc_2840,0,0
acc_2841,0,0
acc_2842,0,0
acc_2843,0,0
acc_2844,0,0
acc_2845,0,0
acc_2846,0,0
acc_2847,1,0
acc_2848,0,0
acc_2849,1,0
acc_2850,1,0
acc_2851,1,0
acc_2852,1,0
acc_2853,0,0
acc_2854,0,1
acc_2855,1,0
acc_2856,0,0
acc_2857,1,0
acc_2858,1,0
acc_2859,0,0
acc_2860,1,0
acc_2861,0,0
acc_2862,1,0
acc_2863,0,0
acc_2864,0,0
acc_2865,1,0
acc_2866,0,0
acc_2867,0,0
acc_2868,0,0
acc_2869,1,1
acc_2870,1,0
acc_2871,1,0
acc_2872,0,0
acc_2873,1,0
acc_2874,1,0
acc_2875,0,0
acc_2876,1,0
acc_2877,1,0
acc_2878,1,0
acc_2879,0,0
acc_2880,1,0
acc_2881,0,0
acc_2882,0,0
acc_2883,0,0
acc_2884,1,0
acc_2885,0,0
acc_2886,0,0
acc_2887,0,0
acc_2888,0,0
acc_2889,0,0
acc_2890,1,0
acc_2891,1,0
acc_2892,1,0
acc_2893,0,0
acc_2894,1,0
acc_2895,0,0
acc_2896,1,0
acc_2897,1,0
acc_2898,0,0
acc_2899,0,0
acc_2900,1,0
acc_2901,0,0
acc_2902,0,0
acc_2903,0,0
acc_2904,0,0
acc_2905,0,0
acc_2906,1,0
acc_2907,0,0
acc_2908,1,0
acc_2909,1,0
acc_2910,1,0
acc_2911,0,0
acc_2912,0,0
acc_2913,0,0
acc_2914,0,0
acc_2915,0,0
acc_2916,1,0
acc_2917,1,0
acc_2918,0,0
acc_2919,0,0
acc_2920,1,0
acc_2921,0,0
acc_2922,0,0
acc_2923,0,0
acc_2924,0,0
acc_2925,0,0
acc_2926,0,0
acc_2927,1,0
acc_2928,1,0
acc_2929,0,0
acc_2930,1,0
acc_2931,0,0
acc_2932,0,0
acc_2933,0,0
acc_2934,1,1
acc_2935,0,0
acc_2936,0,0
acc_2937,0,0
acc_2938,0,0
acc_2939,0,0
acc_2940,0,0
acc_2941,0,0
acc_2942,1,0
acc_2943,0,1
acc_2944,0,0
acc_2945,0,0
acc_2946,0,0
acc_2947,0,0
acc_2948,0,0
acc_2949,0,0
acc_2950,1,0
acc_2951,0,0
acc_2952,0,1
acc_2953,1,0
acc_2954,0,0
acc_2955,1,0
acc_2956,0,0
acc_2957,1,0
acc_2958,1,1
acc_2959,0,0
acc_2960,0,0
acc_2961,0,0
acc_2962,1,0
acc_2963,0,1
acc_2964,0,0
acc_2965,0,0
acc_2966,0,0
acc_2967,1,0
acc_2968,1,0
acc_2969,0,0
acc_2970,0,0
acc_2971,0,0
acc_2972,1,1
acc_2973,0,0
acc_2974,0,0
acc_2975,0,0
acc_2976,1,0
acc_2977,0,0
acc_2978,0,0
acc_2979,0,0
acc_2980,1,0
acc_2981,0,0
acc_2982,0,1
acc_2983,0,0
acc_2984,0,0
acc_2985,0,0
acc_2986,0,0
acc_2987,0,0
acc_2988,1,0
acc_2989,0,0
acc_2990,1,0
acc_2991,1,1
acc_2992,1,0
acc_2993,0,0
acc_2994,0,0
acc_2995,1,0
acc_2996,1,0
acc_2997,1,0
acc_2998,1,0
acc_2999,0,0
acc_3000,1,0
acc_3001,0,0
acc_3002,0,0
acc_3003,0,0
acc_3004,0,0
acc_3005,0,0
acc_3006,1,0
acc_3007,0,0
acc_3008,0,0
acc_3009,0,0
acc_3010,1,0
acc_3011,1,0
acc_3012,0,1
acc_3013,1,0
acc_3014,0,0
acc_3015,1,0
acc_3016,0,0
acc_3017,1,0
acc_3018,0,0
acc_3019,0,0
acc_3020,0,0
acc_3021,0,0
acc_3022,1,1
acc_3023,0,0
acc_3024,1,1
acc_3025,1,0
acc_3026,1,0
acc_3027,1,1
acc_3028,0,0
acc_3029,1,0
acc_3030,1,1
acc_3031,0,0
acc_3032,0,0
acc_3033,0,0
acc_3034,0,0
acc_3035,1,0
acc_3036,1,0
acc_3037,0,0
acc_3038,0,0
acc_3039,0,0
acc_3040,0,0
acc_3041,0,0
acc_3042,0,0
acc_3043,1,0
acc_3044,0,0
acc_3045,1,0
acc_3046,1,0
acc_3047,1,0
acc_3048,0,1
acc_3049,1,0
acc_3050,1,0
acc_3051,0,0
acc_3052,1,0
acc_3053,1,0
acc_3054,0,0
acc_3055,0,0
acc_3056,1,0
acc_3057,0,0
acc_3058,0,0
acc_3059,0,0
acc_3060,1,0
acc_3061,1,0
acc_3062,0,0
acc_3063,0,0
acc_3064,1,0
acc_3065,0,0
acc_3066,1,0
acc_3067,0,0
acc_3068,1,0
acc_3069,1,1
acc_3070,0,1
acc_3071,1,0
acc_3072,1,0
acc_3073,1,0
acc_3074,1,0
acc_3075,1,0
acc_3076,1,0
acc_3077,0,0
acc_3078,0,1
acc_3079,0,1
acc_3080,1,0
acc_3081,0,1
acc_3082,0,1
acc_3083,1,0
acc_3084,1,0
acc_3085,0,0
acc_3086,0,0
acc_3087,0,0
acc_3088,0,0
acc_3089,0,0
acc_3090,0,0
acc_3091,1,0
acc_3092,0,0
acc_3093,0,0
acc_3094,0,0
acc_3095,0,0
acc_3096,0,0
acc_3097,1,0
acc_3098,0,0
acc_3099,1,0
acc_3100,0,0
acc_3101,1,0
acc_3102,0,0
acc_3103,1,0
acc_3104,1,1
acc_3105,0,0
acc_3106,0,0
acc_3107,0,0
acc_3108,0,0
acc_3109,1,0
acc_3110,0,0
acc_3111,1,0
acc_3112,0,0
acc_3113,0,0
acc_3114,0,0
acc_3115,1,0
acc_3116,0,0
acc_3117,0,0
acc_3118,1,1
acc_3119,0,0
acc_3120,1,0
acc_3121,0,0
acc_3122,1,0
acc_3123,1,0
acc_3124,0,0
acc_3125,1,0
acc_3126,1,0
acc_3127,0,0
acc_3128,0,0
acc_3129,0,0
acc_3130,0,0
acc_3131,1,0
acc_3132,0,0
acc_3133,1,0
acc_3134,1,0
acc_3135,0,0
acc_3136,1,0
acc_3137,0,0
acc_3138,0,0
acc_3139,1,0
acc_3140,0,0
acc_3141,0,0
acc_3142,1,0
acc_3143,1,0
acc_3144,0,0
acc_3145,0,0
acc_3146,1,0
acc_3147,0,0
acc_3148,1,0
acc_3149,1,0
acc_3150,0,0
acc_3151,1,0
acc_3152,0,0
acc_3153,1,0
acc_3154,1,0
acc_3155,1,0
acc_3156,0,0
acc_3157,0,0
acc_3158,1,0
acc_3159,0,0
acc_3160,0,0
acc_3161,1,0
acc_3162,0,0
acc_3163,1,0
acc_3164,1,0
acc_3165,0,0
acc_3166,0,0
acc_3167,0,0
acc_3168,0,0
acc_3169,0,0
acc_3170,1,0
acc_3171,1,0
acc_3172,1,0
acc_3173,0,0
acc_3174,0,0
acc_3175,0,0
acc_3176,1,0
acc_3177,0,0
acc_3178,0,0
acc_3179,1,0
acc_3180,0,0
acc_3181,0,0
acc_3182,1,0
acc_3183,0,0
acc_3184,1,0
acc_3185,1,0
acc_3186,0,0
acc_3187,1,0
acc_3188,1,0
acc_3189,0,0
acc_3190,0,1
acc_3191,0,0
acc_3192,0,0
acc_3193,0,0
acc_3194,0,0
acc_3195,1,0
acc_3196,1,1
acc_3197,1,0
acc_3198,0,0
acc_3199,0,0
acc_3200,0,0
acc_3201,1,0
acc_3202,0,0
acc_3203,1,0
acc_3204,1,0
acc_3205,1,0
acc_3206,1,0
acc_3207,0,0
acc_3208,0,0
acc_3209,1,0
acc_3210,1,0
acc_3211,1,0
acc_3212,0,1
acc_3213,1,1
acc_3214,0,0
acc_3215,0,1
acc_3216,0,0
acc_3217,0,1
acc_3218,0,0
acc_3219,0,0
acc_3220,0,0
acc_3221,1,0
acc_3222,0,0
acc_3223,0,0
acc_3224,1,1
acc_3225,1,0
acc_3226,0,0
acc_3227,0,0
acc_3228,0,0
acc_3229,1,0
acc_3230,1,0
acc_3231,0,0
acc_3232,0,0
acc_3233,1,1
acc_3234,1,0
acc_3235,0,0
acc_3236,0,0
acc_3237,0,0
acc_3238,0,0
acc_3239,1,0
acc_3240,1,0
acc_3241,0,0
acc_3242,0,0
acc_3243,0,0
acc_3244,1,0
acc_3245,0,0
acc_3246,0,0
acc_3247,0,0
acc_3248,0,0
acc_3249,1,0
acc_3250,0,0
acc_3251,1,1
acc_3252,0,0
acc_3253,1,0
acc_3254,1,0
acc_3255,0,0
acc_3256,1,0
acc_3257,0,0
acc_3258,1,1
acc_3259,0,0
acc_3260,0,0
acc_3261,0,0
acc_3262,0,0
acc_3263,1,1
acc_3264,0,0
acc_3265,0,0
acc_3266,1,0
acc_3267,0,0
acc_3268,1,0
acc_3269,0,0
acc_3270,1,0
acc_3271,0,0
acc_3272,0,0
acc_3273,0,0
acc_3274,1,0
acc_3275,1,0
acc_3276,1,0
acc_3277,0,0
acc_3278,1,0
acc_3279,0,0
acc_3280,0,0
acc_3281,1,0
acc_3282,0,0
acc_3283,1,0
acc_3284,1,0
acc_3285,1,0
acc_3286,0,0
acc_3287,1,1
acc_3288,0,0
acc_3289,1,0
acc_3290,0,0
acc_3291,0,1
acc_3292,0,0
acc_3293,0,0
acc_3294,1,0
acc_3295,1,0
acc_3296,0,0
acc_3297,0,0
acc_3298,0,0
acc_3299,0,0
acc_3300,0,0
acc_3301,0,0
acc_3302,0,0
acc_3303,1,0
acc_3304,1,0
acc_3305,1,0
acc_3306,1,0
acc_3307,0,0
acc_3308,1,0
acc_3309,0,1
acc_3310,0,0
acc_3311,1,1
acc_3312,0,0
acc_3313,1,0
acc_3314,0,0
acc_3315,1,0
acc_3316,0,0
acc_3317,0,0
acc_3318,0,0
acc_3319,1,0
acc_3320,1,0
acc_3321,0,0
acc_3322,0,0
acc_3323,0,1
acc_3324,0,0
acc_3325,0,0
acc_3326,0,0
acc_3327,0,0
acc_3328,1,0
acc_3329,0,0
acc_3330,0,1
acc_3331,0,0
acc_3332,0,0
acc_3333,0,0
acc_3334,0,0
acc_3335,0,0
acc_3336,1,0
acc_3337,1,0
acc_3338,1,0
acc_3339,0,0
acc_3340,0,1
acc_3341,0,0
acc_3342,0,0
acc_3343,1,1
acc_3344,0,0
acc_3345,1,0
acc_3346,1,0
acc_3347,0,0
acc_3348,0,0
acc_3349,1,0
acc_3350,0,0
acc_3351,0,0
acc_3352,1,0
acc_3353,1,0
acc_3354,0,0
acc_3355,0,0
acc_3356,1,0
acc_3357,0,0
acc_3358,0,0
acc_3359,1,0
acc_3360,0,0
acc_3361,0,0
acc_3362,1,1
acc_3363,1,0
acc_3364,0,0
acc_3365,1,0
acc_3366,1,0
acc_3367,0,0
acc_3368,1,0
acc_3369,0,0
acc_3370,0,0
acc_3371,0,0
acc_3372,0,0
acc_3373,1,0
acc_3374,1,0
acc_3375,0,0
acc_3376,0,0
acc_3377,1,0
acc_3378,0,0
acc_3379,1,0
acc_3380,0,0
acc_3381,0,1
acc_3382,1,0
acc_3383,0,0
acc_3384,0,1
acc_3385,0,0
acc_3386,1,0
acc_3387,0,0
acc_3388,1,0
acc_3389,0,0
acc_3390,1,0
acc_3391,0,0
acc_3392,0,0
acc_3393,0,0
acc_3394,1,0
acc_3395,1,0
acc_3396,1,0
acc_3397,1,0
acc_3398,1,0
acc_3399,0,0
acc_3400,1,0
acc_3401,0,1
acc_3402,0,0
acc_3403,0,0
acc_3404,1,0
acc_3405,0,0
acc_3406,1,0
acc_3407,0,0
acc_3408,0,0
acc_3409,0,0
acc_3410,0,0
acc_3411,0,0
acc_3412,1,0
acc_3413,0,1
acc_3414,0,0
acc_3415,0,0
acc_3416,1,0
acc_3417,0,0
acc_3418,0,0
acc_3419,0,0
acc_3420,1,0
acc_3421,1,0
acc_3422,0,0
acc_3423,1,0
acc_3424,0,0
acc_3425,0,0
acc_3426,0,0
acc_3427,1,0
acc_3428,0,0
acc_3429,0,0
acc_3430,1,0
acc_3431,0,0
acc_3432,0,0
acc_3433,0,0
acc_3434,1,0
acc_3435,1,0
acc_3436,0,0
acc_3437,0,0
acc_3438,0,0
acc_3439,0,1
acc_3440,0,0
acc_3441,1,0
acc_3442,1,1
acc_3443,0,0
acc_3444,1,0
acc_3445,1,0
acc_3446,0,1
acc_3447,1,0
acc_3448,0,0
acc_3449,0,1
acc_3450,0,1
acc_3451,0,0
acc_3452,0,0
acc_3453,0,0
acc_3454,0,0
acc_3455,0,0
acc_3456,1,1
acc_3457,1,0
acc_3458,1,0
acc_3459,0,0
acc_3460,0,0
acc_3461,0,0
acc_3462,1,0
acc_3463,0,0
acc_3464,1,0
acc_3465,1,0
acc_3466,1,0
acc_3467,0,0
acc_3468,0,1
acc_3469,0,0
acc_3470,0,0
acc_3471,1,0
acc_3472,0,0
acc_3473,1,0
acc_3474,0,1
acc_3475,0,0
acc_3476,0,0
acc_3477,0,1
acc_3478,0,0
acc_3479,1,0
acc_3480,0,1
acc_3481,1,0
acc_3482,1,0
acc_3483,0,0
acc_3484,1,1
acc_3485,0,0
acc_3486,0,0
acc_3487,0,0
acc_3488,0,0
acc_3489,1,0
acc_3490,0,0
acc_3491,0,0
acc_3492,0,0
acc_3493,1,0
acc_3494,0,0
acc_3495,1,1
acc_3496,1,0
acc_3497,0,0
acc_3498,1,0
acc_3499,1,0
acc_3500,1,0
acc_3501,1,0
acc_3502,0,0
acc_3503,0,0
acc_3504,0,0
acc_3505,0,0
acc_3506,1,0
acc_3507,1,0
acc_3508,0,0
acc_3509,0,1
acc_3510,1,0
acc_3511,0,0
acc_3512,0,0
acc_3513,0,0
acc_3514,1,1
acc_3515,0,0
acc_3516,1,0
acc_3517,0,0
acc_3518,1,0
acc_3519,1,0
acc_3520,1,1
acc_3521,0,0
acc_3522,0,0
acc_3523,1,0
acc_3524,1,0
acc_3525,0,0
acc_3526,0,0
acc_3527,0,0
acc_3528,1,0
acc_3529,1,0
acc_3530,0,0
acc_3531,0,0
acc_3532,1,0
acc_3533,1,0
acc_3534,1,0
acc_3535,1,0
acc_3536,1,1
acc_3537,0,0
acc_3538,0,0
acc_3539,1,0
acc_3540,1,0
acc_3541,0,0
acc_3542,0,0
acc_3543,1,0
acc_3544,0,0
acc_3545,0,0
acc_3546,0,0
acc_3547,1,0
acc_3548,0,0
acc_3549,1,0
acc_3550,1,0
acc_3551,1,1
acc_3552,0,0
acc_3553,1,0
acc_3554,0,0
acc_3555,0,1
acc_3556,0,0
acc_3557,0,0
acc_3558,0,0
acc_3559,0,0
acc_3560,0,0
acc_3561,1,1
acc_3562,1,0
acc_3563,0,0
acc_3564,0,0
acc_3565,0,0
acc_3566,1,0
acc_3567,1,0
acc_3568,0,0
acc_3569,1,0
acc_3570,1,1
acc_3571,0,0
acc_3572,1,0
acc_3573,1,0
acc_3574,0,0
acc_3575,1,0
acc_3576,0,0
acc_3577,1,0
acc_3578,1,0
acc_3579,0,0
acc_3580,0,0
acc_3581,0,0
acc_3582,0,0
acc_3583,1,0
acc_3584,0,0
acc_3585,1,0
acc_3586,0,0
acc_3587,1,0
acc_3588,1,0
acc_3589,0,0
acc_3590,0,0
acc_3591,0,0
acc_3592,0,0
acc_3593,0,0
acc_3594,1,0
acc_3595,0,0
acc_3596,1,0
acc_3597,1,0
acc_3598,1,0
acc_3599,1,0
acc_3600,1,0
acc_3601,1,0
acc_3602,0,0
acc_3603,1,1
acc_3604,1,0
acc_3605,0,0
acc_3606,0,0
acc_3607,0,0
acc_3608,0,0
acc_3609,1,0
acc_3610,1,1
acc_3611,0,0
acc_3612,0,0
acc_3613,0,0
acc_3614,1,0
acc_3615,1,0
acc_3616,0,0
acc_3617,0,0
acc_3618,1,0
acc_3619,1,0
acc_3620,0,0
acc_3621,1,0
acc_3622,0,0
acc_3623,1,0
acc_3624,1,0
acc_3625,0,0
acc_3626,0,0
acc_3627,1,0
acc_3628,0,0
acc_3629,0,0
acc_3630,0,0
acc_3631,1,0
acc_3632,0,0
acc_3633,1,0
acc_3634,0,0
acc_3635,0,0
acc_3636,0,0
acc_3637,1,0
acc_3638,1,0
acc_3639,0,0
acc_3640,1,1
acc_3641,1,0
acc_3642,1,0
acc_3643,0,0
acc_3644,1,0
acc_3645,1,0
acc_3646,1,0
acc_3647,0,0
acc_3648,0,0
acc_3649,0,0
acc_3650,0,0
acc_3651,1,0
acc_3652,0,0
acc_3653,1,0
acc_3654,1,0
acc_3655,0,1
acc_3656,1,0
acc_3657,1,0
acc_3658,0,0
acc_3659,1,1
acc_3660,1,0
acc_3661,0,0
acc_3662,0,0
acc_3663,0,1
acc_3664,1,0
acc_3665,0,0
acc_3666,1,0
acc_3667,0,0
acc_3668,0,0
acc_3669,0,0
acc_3670,0,0
acc_3671,1,0
acc_3672,0,0
acc_3673,1,0
acc_3674,0,0
acc_3675,1,0
acc_3676,0,0
acc_3677,1,0
acc_3678,1,0
acc_3679,0,0
acc_3680,0,0
acc_3681,0,0
acc_3682,0,0
acc_3683,0,0
acc_3684,1,0
acc_3685,0,0
acc_3686,1,0
acc_3687,1,0
acc_3688,0,0
acc_3689,0,1
acc_3690,1,1
acc_3691,0,0
acc_3692,1,0
acc_3693,0,0
acc_3694,1,0
acc_3695,0,0
acc_3696,0,0
acc_3697,0,0
acc_3698,0,1
acc_3699,1,0
acc_3700,1,0
acc_3701,0,0
acc_3702,0,1
acc_3703,0,0
acc_3704,0,0
acc_3705,1,0
acc_3706,1,0
acc_3707,0,0
acc_3708,0,0
acc_3709,0,1
acc_3710,1,0
acc_3711,0,0
acc_3712,1,0
acc_3713,0,0
acc_3714,1,1
acc_3715,0,0
acc_3716,0,0
acc_3717,1,0
acc_3718,1,0
acc_3719,0,1
acc_3720,1,0
acc_3721,0,0
acc_3722,0,0
acc_3723,0,0
acc_3724,1,0
acc_3725,0,0
acc_3726,0,0
acc_3727,0,0
acc_3728,0,0
acc_3729,1,0
acc_3730,0,0
acc_3731,0,0
acc_3732,0,0
acc_3733,0,0
acc_3734,0,0
acc_3735,0,0
acc_3736,0,0
acc_3737,0,0
acc_3738,1,0
acc_3739,0,0
acc_3740,1,0
acc_3741,1,0
acc_3742,0,0
acc_3743,0,1
acc_3744,1,0
acc_3745,1,0
acc_3746,1,0
acc_3747,1,0
acc_3748,1,0
acc_3749,0,0
acc_3750,1,0
acc_3751,1,0
acc_3752,0,0
acc_3753,0,0
acc_3754,0,0
acc_3755,1,0
acc_3756,1,0
acc_3757,1,1
acc_3758,0,0
acc_3759,0,0
acc_3760,1,0
acc_3761,0,0
acc_3762,0,0
acc_3763,0,0
acc_3764,0,0
acc_3765,1,0
acc_3766,0,0
acc_3767,1,0
acc_3768,0,0
acc_3769,0,0
acc_3770,1,0
acc_3771,0,0
acc_3772,1,0
acc_3773,0,0
acc_3774,1,0
acc_3775,0,0
acc_3776,0,0
acc_3777,0,0
acc_3778,1,0
acc_3779,0,0
acc_3780,1,0
acc_3781,1,1
acc_3782,0,0
acc_3783,1,0
acc_3784,0,0
acc_3785,1,0
acc_3786,1,0
acc_3787,0,0
acc_3788,0,0
acc_3789,1,0
acc_3790,1,0
acc_3791,0,0
acc_3792,1,0
acc_3793,0,0
acc_3794,0,0
acc_3795,1,0
acc_3796,0,0
acc_3797,0,0
acc_3798,1,0
acc_3799,0,0
acc_3800,0,0
acc_3801,0,0
acc_3802,0,0
acc_3803,1,0
acc_3804,0,0
acc_3805,0,0
acc_3806,1,0
acc_3807,1,0
acc_3808,0,1
acc_3809,0,0
acc_3810,1,0
acc_3811,0,0
acc_3812,0,0
acc_3813,1,1
acc_3814,0,0
acc_3815,0,0
acc_3816,1,0
acc_3817,1,0
acc_3818,0,1
acc_3819,1,0
acc_3820,0,0
acc_3821,0,0
acc_3822,0,0
acc_3823,0,0
acc_3824,0,0
acc_3825,0,0
acc_3826,1,1
acc_3827,0,0
acc_3828,1,0
acc_3829,0,0
acc_3830,0,0
acc_3831,1,0
acc_3832,1,0
acc_3833,0,1
acc_3834,0,0
acc_3835,0,0
acc_3836,1,0
acc_3837,0,0
acc_3838,0,0
acc_3839,1,0
acc_3840,0,0
acc_3841,1,0
acc_3842,1,0
acc_3843,0,0
acc_3844,0,0
acc_3845,0,0
acc_3846,1,0
acc_3847,0,0
acc_3848,0,0
acc_3849,0,0
acc_3850,1,0
acc_3851,1,0
acc_3852,1,0
acc_3853,0,1
acc_3854,0,0
acc_3855,0,0
acc_3856,0,0
acc_3857,0,0
acc_3858,0,0
acc_3859,0,0
acc_3860,0,0
acc_3861,0,0
acc_3862,1,0
acc_3863,0,0
acc_3864,0,0
acc_3865,0,1
acc_3866,0,0
acc_3867,0,0
acc_3868,1,0
acc_3869,0,0
acc_3870,0,0
acc_3871,0,0
acc_3872,0,1
acc_3873,0,0
acc_3874,0,0
acc_3875,1,0
acc_3876,0,0
acc_3877,1,0
acc_3878,1,0
acc_3879,1,0
acc_3880,1,0
acc_3881,0,0
acc_3882,0,0
acc_3883,0,0
acc_3884,0,0
acc_3885,1,0
acc_3886,0,0
acc_3887,1,0
acc_3888,0,0
acc_3889,0,0
acc_3890,1,0
acc_3891,0,0
acc_3892,1,0
acc_3893,0,0
acc_3894,1,0
acc_3895,0,0
acc_3896,1,0
acc_3897,0,0
acc_3898,0,0
acc_3899,0,0
acc_3900,0,0
acc_3901,1,0
acc_3902,0,0
acc_3903,0,0
acc_3904,0,0
acc_3905,1,0
acc_3906,0,0
acc_3907,0,0
acc_3908,0,0
acc_3909,0,0
acc_3910,1,0
acc_3911,1,1
acc_3912,1,1
acc_3913,0,0
acc_3914,1,0
acc_3915,1,0
acc_3916,0,0
acc_3917,0,0
acc_3918,0,0
acc_3919,0,0
acc_3920,0,0
acc_3921,0,0
acc_3922,0,0
acc_3923,1,0
acc_3924,0,0
acc_3925,1,0
acc_3926,0,0
acc_3927,0,0
acc_3928,1,0
acc_3929,1,0
acc_3930,1,0
acc_3931,0,0
acc_3932,0,0
acc_3933,0,0
acc_3934,0,0
acc_3935,0,0
acc_3936,0,0
acc_3937,1,1
acc_3938,0,0
acc_3939,1,0
acc_3940,0,0
acc_3941,0,0
acc_3942,0,0
acc_3943,1,0
acc_3944,0,0
acc_3945,1,0
acc_3946,0,0
acc_3947,0,0
acc_3948,0,0
acc_3949,1,0
acc_3950,0,0
acc_3951,0,0
acc_3952,1,0
acc_3953,0,0
acc_3954,1,0
acc_3955,1,0
acc_3956,0,0
acc_3957,1,1
acc_3958,0,1
acc_3959,1,0
acc_3960,1,0
acc_3961,0,0
acc_3962,1,0
acc_3963,0,0
acc_3964,1,0
acc_3965,0,0
acc_3966,0,0
acc_3967,1,0
acc_3968,0,0
acc_3969,0,0
acc_3970,1,0
acc_3971,1,0
acc_3972,0,0
acc_3973,0,0
acc_3974,1,0
acc_3975,1,0
acc_3976,0,0
acc_3977,1,0
acc_3978,0,0
acc_3979,1,0
acc_3980,0,0
acc_3981,0,0
acc_3982,0,0
acc_3983,1,0
acc_3984,1,0
acc_3985,1,0
acc_3986,1,0
acc_3987,0,0
acc_3988,0,0
acc_3989,1,1
acc_3990,1,0
acc_3991,1,0
acc_3992,0,0
acc_3993,0,0
acc_3994,0,0
acc_3995,0,0
acc_3996,1,1
acc_3997,1,0
acc_3998,0,0
acc_3999,1,0
acc_4000,1,0
acc_4001,1,0
acc_4002,1,0
acc_4003,1,0
acc_4004,1,0
acc_4005,1,1
acc_4006,1,1
acc_4007,0,0
acc_4008,0,0
acc_4009,0,0
acc_4010,1,0
acc_4011,0,0
acc_4012,0,1
acc_4013,1,0
acc_4014,1,0
acc_4015,1,0
acc_4016,0,1
acc_4017,0,0
acc_4018,0,0
acc_4019,0,0
acc_4020,0,0
acc_4021,1,0
acc_4022,0,0
acc_4023,0,0
acc_4024,0,0
acc_4025,1,0
acc_4026,0,0
acc_4027,0,0
acc_4028,1,0
acc_4029,1,0
acc_4030,1,0
acc_4031,0,0
acc_4032,1,0
acc_4033,1,0
acc_4034,0,0
acc_4035,1,1
acc_4036,1,0
acc_4037,0,0
acc_4038,0,0
acc_4039,0,0
acc_4040,0,1
acc_4041,0,0
acc_4042,0,1
acc_4043,0,0
acc_4044,0,0
acc_4045,1,0
acc_4046,1,0
acc_4047,0,0
acc_4048,0,0
acc_4049,0,0
acc_4050,0,0
acc_4051,1,0
acc_4052,1,0
acc_4053,1,1
acc_4054,1,0
acc_4055,0,0
acc_4056,1,0
acc_4057,1,0
acc_4058,0,0
acc_4059,0,0
acc_4060,0,0
acc_4061,0,1
acc_4062,1,0
acc_4063,0,0
acc_4064,0,0
acc_4065,0,0
acc_4066,1,0
acc_4067,1,0
acc_4068,1,0
acc_4069,0,0
acc_4070,0,0
acc_4071,0,0
acc_4072,0,0
acc_4073,0,1
acc_4074,0,0
acc_4075,0,0
acc_4076,0,1
acc_4077,0,0
acc_4078,1,0
acc_4079,1,0
acc_4080,0,0
acc_4081,1,1
acc_4082,0,0
acc_4083,0,0
acc_4084,0,0
acc_4085,1,0
acc_4086,1,0
acc_4087,1,0
acc_4088,1,1
acc_4089,1,0
acc_4090,0,0
acc_4091,0,0
acc_4092,0,1
acc_4093,1,0
acc_4094,1,0
acc_4095,0,0
acc_4096,1,0
acc_4097,0,0
acc_4098,1,0
acc_4099,1,0
acc_4100,0,0
acc_4101,0,0
acc_4102,0,0
acc_4103,0,0
acc_4104,1,0
acc_4105,0,1
acc_4106,1,0
acc_4107,0,0
acc_4108,0,1
acc_4109,0,0
acc_4110,0,0
acc_4111,1,0
acc_4112,1,0
acc_4113,0,0
acc_4114,1,0
acc_4115,1,0
acc_4116,0,0
acc_4117,0,0
acc_4118,0,0
acc_4119,0,0
acc_4120,1,0
acc_4121,0,0
acc_4122,0,0
acc_4123,1,0
acc_4124,1,0
acc_4125,0,0
acc_4126,0,0
acc_4127,0,0
acc_4128,1,0
acc_4129,0,0
acc_4130,1,0
acc_4131,0,0
acc_4132,0,0
acc_4133,1,0
acc_4134,0,0
acc_4135,1,1
acc_4136,0,0
acc_4137,0,0
acc_4138,0,0
acc_4139,1,0
acc_4140,0,0
acc_4141,1,0
acc_4142,0,0
acc_4143,1,0
acc_4144,0,1
acc_4145,1,0
acc_4146,0,0
acc_4147,0,0
acc_4148,1,1
acc_4149,1,0
acc_4150,0,0
acc_4151,0,0
acc_4152,1,1
acc_4153,1,0
acc_4154,1,0
acc_4155,1,0
acc_4156,0,0
acc_4157,1,0
acc_4158,1,0
acc_4159,0,0
acc_4160,0,0
acc_4161,0,0
acc_4162,0,0
acc_4163,0,0
acc_4164,1,0
acc_4165,0,0
acc_4166,0,0
acc_4167,0,0
acc_4168,0,0
acc_4169,1,0
acc_4170,1,0
acc_4171,0,0
acc_4172,0,0
acc_4173,0,1
acc_4174,1,1
acc_4175,1,0
acc_4176,0,1
acc_4177,0,0
acc_4178,0,0
acc_4179,1,0
acc_4180,1,0
acc_4181,0,0
acc_4182,1,0
acc_4183,0,0
acc_4184,0,0
acc_4185,0,0
acc_4186,0,0
acc_4187,1,0
acc_4188,0,0
acc_4189,0,0
acc_4190,0,0
acc_4191,0,0
acc_4192,0,0
acc_4193,0,0
acc_4194,1,0
acc_4195,0,0
acc_4196,1,0
acc_4197,0,0
acc_4198,1,1
acc_4199,1,0
acc_4200,1,0
acc_4201,0,0
acc_4202,0,0
acc_4203,0,0
acc_4204,0,0
acc_4205,1,0
acc_4206,1,0
acc_4207,0,0
acc_4208,0,0
acc_4209,1,0
acc_4210,0,0
acc_4211,0,0
acc_4212,0,0
acc_4213,1,0
acc_4214,1,0
acc_4215,0,0
acc_4216,0,0
acc_4217,0,0
acc_4218,1,1
acc_4219,1,1
acc_4220,1,0
acc_4221,0,0
acc_4222,0,0
acc_4223,1,1
acc_4224,0,0
acc_4225,0,0
acc_4226,1,0
acc_4227,1,0
acc_4228,1,0
acc_4229,0,1
acc_4230,1,0
acc_4231,0,0
acc_4232,0,1
acc_4233,1,0
acc_4234,0,0
acc_4235,0,0
acc_4236,0,0
acc_4237,1,1
acc_4238,0,0
acc_4239,1,0
acc_4240,0,1
acc_4241,1,0
acc_4242,0,0
acc_4243,0,0
acc_4244,0,0
acc_4245,1,0
acc_4246,1,0
acc_4247,0,0
acc_4248,0,0
acc_4249,1,0
acc_4250,0,0
acc_4251,0,0
acc_4252,1,0
acc_4253,0,0
acc_4254,1,0
acc_4255,0,0
acc_4256,0,0
acc_4257,0,1
acc_4258,1,0
acc_4259,0,0
acc_4260,1,0
acc_4261,1,0
acc_4262,0,0
acc_4263,1,0
acc_4264,0,0
acc_4265,1,1
acc_4266,0,0
acc_4267,1,0
acc_4268,0,0
acc_4269,0,0
acc_4270,0,0
acc_4271,1,1
acc_4272,0,0
acc_4273,1,0
acc_4274,0,0
acc_4275,0,0
acc_4276,0,0
acc_4277,0,0
acc_4278,1,0
acc_4279,0,0
acc_4280,0,0
acc_4281,1,1
acc_4282,1,0
acc_4283,1,1
acc_4284,0,0
acc_4285,0,0
acc_4286,0,0
acc_4287,0,0
acc_4288,1,1
acc_4289,1,1
acc_4290,1,1
acc_4291,1,0
acc_4292,1,0
acc_4293,0,0
acc_4294,0,0
acc_4295,0,0
acc_4296,1,0
acc_4297,0,0
acc_4298,0,0
acc_4299,1,0
acc_4300,0,0
acc_4301,0,0
acc_4302,0,0
acc_4303,0,0
acc_4304,1,0
acc_4305,1,0
acc_4306,1,0
acc_4307,0,0
acc_4308,0,0
acc_4309,1,0
acc_4310,0,1
acc_4311,0,0
acc_4312,1,0
acc_4313,0,1
acc_4314,1,0
acc_4315,0,0
acc_4316,1,0
acc_4317,1,0
acc_4318,0,0
acc_4319,0,0
acc_4320,0,0
acc_4321,0,0
acc_4322,0,0
acc_4323,0,0
acc_4324,1,0
acc_4325,0,0
acc_4326,1,0
acc_4327,0,0
acc_4328,0,0
acc_4329,1,0
acc_4330,0,0
acc_4331,1,0
acc_4332,0,0
acc_4333,0,0
acc_4334,0,0
acc_4335,0,0
acc_4336,0,0
acc_4337,1,0
acc_4338,0,0
acc_4339,0,0
acc_4340,1,0
acc_4341,1,0
acc_4342,0,0
acc_4343,1,0
acc_4344,0,0
acc_4345,1,0
acc_4346,1,0
acc_4347,1,0
acc_4348,1,0
acc_4349,1,0
acc_4350,0,0
acc_4351,1,0
acc_4352,0,0
acc_4353,1,0
acc_4354,0,0
acc_4355,1,0
acc_4356,0,0
acc_4357,1,0
acc_4358,0,0
acc_4359,1,1
acc_4360,0,0
acc_4361,1,1
acc_4362,0,0
acc_4363,1,0
acc_4364,0,0
acc_4365,0,0
acc_4366,1,1
acc_4367,0,0
acc_4368,1,0
acc_4369,0,0
acc_4370,1,0
acc_4371,0,0
acc_4372,0,0
acc_4373,0,0
acc_4374,0,0
acc_4375,0,0
acc_4376,0,0
acc_4377,0,1
acc_4378,0,0
acc_4379,1,0
acc_4380,0,0
acc_4381,0,0
acc_4382,1,0
acc_4383,1,0
acc_4384,1,0
acc_4385,0,0
acc_4386,1,0
acc_4387,0,0
acc_4388,1,0
acc_4389,1,0
acc_4390,0,0
acc_4391,1,0
acc_4392,0,1
acc_4393,1,0
acc_4394,1,0
acc_4395,0,0
acc_4396,0,0
acc_4397,0,0
acc_4398,1,0
acc_4399,0,0
acc_4400,0,0
acc_4401,0,0
acc_4402,1,0
acc_4403,0,0
acc_4404,1,0
acc_4405,1,0
acc_4406,0,0
acc_4407,0,0
acc_4408,0,0
acc_4409,1,1
acc_4410,0,0
acc_4411,1,0
acc_4412,0,0
acc_4413,1,1
acc_4414,1,0
acc_4415,1,0
acc_4416,1,0
acc_4417,1,0
acc_4418,0,0
acc_4419,1,0
acc_4420,0,0
acc_4421,0,0
acc_4422,1,0
acc_4423,1,1
acc_4424,1,0
acc_4425,0,0
acc_4426,0,1
acc_4427,0,0
acc_4428,0,0
acc_4429,1,0
acc_4430,0,0
acc_4431,0,0
acc_4432,0,0
acc_4433,1,0
acc_4434,1,0
acc_4435,0,0
acc_4436,0,0
acc_4437,1,0
acc_4438,1,0
acc_4439,0,0
acc_4440,1,0
acc_4441,1,0
acc_4442,0,0
acc_4443,1,0
acc_4444,0,0
acc_4445,1,0
acc_4446,0,0
acc_4447,0,0
acc_4448,0,0
acc_4449,1,0
acc_4450,1,0
acc_4451,0,0
acc_4452,1,0
acc_4453,0,0
acc_4454,0,0
acc_4455,0,1
acc_4456,0,1
acc_4457,1,0
acc_4458,0,0
acc_4459,1,0
acc_4460,0,0
acc_4461,1,0
acc_4462,0,0
acc_4463,0,0
acc_4464,0,0
acc_4465,0,0
acc_4466,0,0
acc_4467,1,0
acc_4468,0,0
acc_4469,0,0
acc_4470,0,0
acc_4471,1,0
acc_4472,1,0
acc_4473,1,0
acc_4474,0,0
acc_4475,0,0
acc_4476,0,0
acc_4477,1,0
acc_4478,1,0
acc_4479,0,0
acc_4480,1,0
acc_4481,1,0
acc_4482,0,0
acc_4483,0,0
acc_4484,1,0
acc_4485,1,0
acc_4486,0,0
acc_4487,1,0
acc_4488,0,0
acc_4489,1,0
acc_4490,1,0
acc_4491,1,0
acc_4492,0,0
acc_4493,1,0
acc_4494,0,0
acc_4495,0,0
acc_4496,0,0
acc_4497,0,0
acc_4498,0,1
acc_4499,0,0
acc_4500,0,0
acc_4501,1,0
acc_4502,0,0
acc_4503,1,0
acc_4504,0,0
acc_4505,0,0
acc_4506,1,0
acc_4507,0,0
acc_4508,0,1
acc_4509,0,0
acc_4510,0,0
acc_4511,0,0
acc_4512,1,1
acc_4513,0,0
acc_4514,0,0
acc_4515,0,0
acc_4516,0,1
acc_4517,1,0
acc_4518,1,1
acc_4519,1,0
acc_4520,1,0
acc_4521,1,0
acc_4522,1,0
acc_4523,1,1
acc_4524,1,0
acc_4525,0,0
acc_4526,0,0
acc_4527,0,0
acc_4528,0,0
acc_4529,0,0
acc_4530,0,0
acc_4531,0,0
acc_4532,1,0
acc_4533,1,0
acc_4534,0,0
acc_4535,0,1
acc_4536,1,0
acc_4537,1,1
acc_4538,1,0
acc_4539,1,0
acc_4540,1,1
acc_4541,0,0
acc_4542,0,0
acc_4543,0,0
acc_4544,1,0
acc_4545,0,1
acc_4546,1,0
acc_4547,0,0
acc_4548,0,0
acc_4549,0,0
acc_4550,0,0
acc_4551,1,0
acc_4552,0,0
acc_4553,0,0
acc_4554,0,0
acc_4555,1,1
acc_4556,0,0
acc_4557,1,0
acc_4558,1,0
acc_4559,0,0
acc_4560,1,0
acc_4561,1,0
acc_4562,0,1
acc_4563,1,1
acc_4564,1,0
acc_4565,0,1
acc_4566,1,0
acc_4567,1,0
acc_4568,0,0
acc_4569,0,0
acc_4570,0,0
acc_4571,1,0
acc_4572,0,0
acc_4573,0,0
acc_4574,1,1
acc_4575,1,1
acc_4576,0,0
acc_4577,0,0
acc_4578,1,0
acc_4579,0,0
acc_4580,1,0
acc_4581,1,0
acc_4582,0,0
acc_4583,0,0
acc_4584,1,0
acc_4585,1,0
acc_4586,1,0
acc_4587,0,0
acc_4588,1,0
acc_4589,1,0
acc_4590,0,0
acc_4591,1,0
acc_4592,1,0
acc_4593,0,0
acc_4594,1,1
acc_4595,0,0
acc_4596,0,1
acc_4597,0,0
acc_4598,1,0
acc_4599,1,0
acc_4600,0,0
acc_4601,0,0
acc_4602,0,0
acc_4603,0,0
acc_4604,1,0
acc_4605,0,1
acc_4606,0,0
acc_4607,1,0
acc_4608,1,0
acc_4609,1,0
acc_4610,0,0
acc_4611,0,0
acc_4612,0,0
acc_4613,0,0
acc_4614,0,0
acc_4615,0,0
acc_4616,1,0
acc_4617,0,0
acc_4618,0,0
acc_4619,1,0
acc_4620,0,0
acc_4621,0,0
acc_4622,0,0
acc_4623,1,0
acc_4624,1,0
acc_4625,0,0
acc_4626,0,0
acc_4627,0,0
acc_4628,0,0
acc_4629,1,0
acc_4630,0,0
acc_4631,1,0
acc_4632,0,1
acc_4633,1,0
acc_4634,0,0
acc_4635,0,0
acc_4636,0,0
acc_4637,1,0
acc_4638,1,1
acc_4639,0,0
acc_4640,1,0
acc_4641,0,0
acc_4642,1,0
acc_4643,0,0
acc_4644,1,0
acc_4645,0,0
acc_4646,0,0
acc_4647,1,0
acc_4648,0,1
acc_4649,0,0
acc_4650,0,0
acc_4651,0,0
acc_4652,1,0
acc_4653,0,1
acc_4654,1,0
acc_4655,0,0
acc_4656,0,0
acc_4657,1,0
acc_4658,0,0
acc_4659,0,0
acc_4660,1,0
acc_4661,1,0
acc_4662,0,1
acc_4663,1,0
acc_4664,0,0
acc_4665,0,0
acc_4666,0,1
acc_4667,0,0
acc_4668,0,0
acc_4669,0,0
acc_4670,0,0
acc_4671,0,0
acc_4672,1,0
acc_4673,1,0
acc_4674,0,0
acc_4675,1,1
acc_4676,1,0
acc_4677,0,0
acc_4678,0,0
acc_4679,1,0
acc_4680,1,0
acc_4681,1,0
acc_4682,1,0
acc_4683,1,0
acc_4684,0,0
acc_4685,0,0
acc_4686,0,1
acc_4687,1,0
acc_4688,1,0
acc_4689,1,1
acc_4690,1,0
acc_4691,0,0
acc_4692,0,0
acc_4693,0,1
acc_4694,0,1
acc_4695,1,0
acc_4696,0,0
acc_4697,0,0
acc_4698,0,0
acc_4699,1,0
acc_4700,0,0
acc_4701,0,0
acc_4702,0,0
acc_4703,0,0
acc_4704,0,0
acc_4705,0,0
acc_4706,0,0
acc_4707,1,0
acc_4708,0,0
acc_4709,1,0
acc_4710,0,0
acc_4711,0,0
acc_4712,0,1
acc_4713,0,0
acc_4714,1,0
acc_4715,1,0
acc_4716,1,0
acc_4717,0,0
acc_4718,1,0
acc_4719,0,0
acc_4720,0,0
acc_4721,1,1
acc_4722,0,0
acc_4723,1,0
acc_4724,1,0
acc_4725,0,0
acc_4726,1,0
acc_4727,0,0
acc_4728,1,0
acc_4729,1,0
acc_4730,0,0
acc_4731,1,0
acc_4732,0,0
acc_4733,1,0
acc_4734,0,0
acc_4735,1,0
acc_4736,1,0
acc_4737,0,0
acc_4738,0,0
acc_4739,1,0
acc_4740,1,0
acc_4741,0,0
acc_4742,1,0
acc_4743,0,0
acc_4744,0,0
acc_4745,0,1
acc_4746,0,0
acc_4747,1,0
acc_4748,1,0
acc_4749,1,0
acc_4750,1,0
acc_4751,0,0
acc_4752,0,0
acc_4753,0,0
acc_4754,0,0
acc_4755,1,0
acc_4756,0,1
acc_4757,1,0
acc_4758,0,0
acc_4759,0,0
acc_4760,0,0
acc_4761,0,0
acc_4762,1,0
acc_4763,1,0
acc_4764,0,0
acc_4765,1,0
acc_4766,0,1
acc_4767,0,0
acc_4768,0,0
acc_4769,0,0
acc_4770,1,0
acc_4771,0,0
acc_4772,1,0
acc_4773,1,0
acc_4774,1,0
acc_4775,0,0
acc_4776,0,0
acc_4777,1,0
acc_4778,0,0
acc_4779,1,1
acc_4780,0,0
acc_4781,0,0
acc_4782,0,0
acc_4783,0,1
acc_4784,0,0
acc_4785,0,0
acc_4786,0,0
acc_4787,0,0
acc_4788,1,0
acc_4789,0,0
acc_4790,1,0
acc_4791,0,0
acc_4792,1,0
acc_4793,0,0
acc_4794,1,0
acc_4795,1,0
acc_4796,1,0
acc_4797,0,0
acc_4798,0,0
acc_4799,0,0
acc_4800,1,0
acc_4801,0,0
acc_4802,0,0
acc_4803,0,0
acc_4804,0,0
acc_4805,0,0
acc_4806,1,0
acc_4807,1,1
acc_4808,0,0
acc_4809,0,0
acc_4810,0,0
acc_4811,0,0
acc_4812,1,0
acc_4813,0,0
acc_4814,1,0
acc_4815,1,0
acc_4816,1,0
acc_4817,0,0
acc_4818,1,0
acc_4819,0,0
acc_4820,1,0
acc_4821,0,0
acc_4822,1,0
acc_4823,1,0
acc_4824,0,0
acc_4825,1,0
acc_4826,0,0
acc_4827,0,0
acc_4828,1,0
acc_4829,0,0
acc_4830,0,0
acc_4831,1,0
acc_4832,0,0
acc_4833,0,0
acc_4834,0,1
acc_4835,1,0
acc_4836,1,0
acc_4837,0,0
acc_4838,0,0
acc_4839,1,0
acc_4840,1,1
acc_4841,1,0
acc_4842,1,0
acc_4843,1,0
acc_4844,0,0
acc_4845,0,0
acc_4846,0,0
acc_4847,0,0
acc_4848,0,0
acc_4849,0,0
acc_4850,0,0
acc_4851,1,0
acc_4852,0,0
acc_4853,1,1
acc_4854,0,0
acc_4855,0,0
acc_4856,0,0
acc_4857,0,0
acc_4858,1,1
acc_4859,1,0
acc_4860,0,0
acc_4861,0,0
acc_4862,1,0
acc_4863,0,0
acc_4864,1,0
acc_4865,1,0
acc_4866,1,0
acc_4867,0,0
acc_4868,1,0
acc_4869,0,0
acc_4870,1,0
acc_4871,0,0
acc_4872,0,0
acc_4873,0,0
acc_4874,1,0
acc_4875,0,0
acc_4876,1,0
acc_4877,0,0
acc_4878,1,0
acc_4879,0,0
acc_4880,0,0
acc_4881,1,0
acc_4882,1,0
acc_4883,0,0
acc_4884,0,0
acc_4885,0,0
acc_4886,1,0
acc_4887,0,0
acc_4888,1,0
acc_4889,0,1
acc_4890,0,0
acc_4891,0,0
acc_4892,0,1
acc_4893,1,1
acc_4894,0,0
acc_4895,0,0
acc_4896,0,0
acc_4897,0,0
acc_4898,1,1
acc_4899,0,0
acc_4900,0,0
acc_4901,0,0
acc_4902,0,0
acc_4903,1,0
acc_4904,0,0
acc_4905,1,0
acc_4906,1,0
acc_4907,1,0
acc_4908,0,0
acc_4909,0,0
acc_4910,1,1
acc_4911,1,0
acc_4912,0,0
acc_4913,1,0
acc_4914,1,0
acc_4915,0,0
acc_4916,0,0
acc_4917,1,0
acc_4918,1,0
acc_4919,0,1
acc_4920,1,0
acc_4921,0,0
acc_4922,0,0
acc_4923,0,0
acc_4924,0,0
acc_4925,1,0
acc_4926,0,0
acc_4927,0,0
acc_4928,1,0
acc_4929,0,0
acc_4930,1,0
acc_4931,1,0
acc_4932,1,0
acc_4933,1,0
acc_4934,0,0
acc_4935,1,0
acc_4936,0,0
acc_4937,1,0
acc_4938,0,0
acc_4939,0,0
acc_4940,0,0
acc_4941,1,0
acc_4942,0,0
acc_4943,1,0
acc_4944,0,0
acc_4945,0,0
acc_4946,0,0
acc_4947,0,0
acc_4948,0,0
acc_4949,0,0
acc_4950,0,0
acc_4951,1,0
acc_4952,1,0
acc_4953,1,0
acc_4954,0,0
acc_4955,0,0
acc_4956,0,0
acc_4957,0,1
acc_4958,1,0
acc_4959,1,0
acc_4960,0,0
acc_4961,0,0
acc_4962,1,0
acc_4963,1,0
acc_4964,1,1
acc_4965,0,0
acc_4966,0,0
acc_4967,0,0
acc_4968,1,0
acc_4969,0,0
acc_4970,0,0
acc_4971,1,0
acc_4972,0,0
acc_4973,0,1
acc_4974,1,1
acc_4975,0,0
acc_4976,0,0
acc_4977,1,0
acc_4978,1,0
acc_4979,1,0
acc_4980,1,0
acc_4981,0,0
acc_4982,1,0
acc_4983,1,0
acc_4984,0,0
acc_4985,1,0
acc_4986,1,0
acc_4987,0,0
acc_4988,1,0
acc_4989,1,1
acc_4990,0,0
acc_4991,0,1
acc_4992,1,1
acc_4993,0,0
acc_4994,1,1
acc_4995,1,0
acc_4996,0,0
acc_4997,1,0
acc_4998,0,1
acc_4999,1,0
