account_id,ticket_volume,severe_tickets
acc_0000,5,2
acc_0001,11,0
acc_0002,4,1
acc_0003,13,3
acc_0004,1,1
acc_0005,12,1
acc_0006,1,1
acc_0007,6,1
acc_0008,11,3
acc_0009,3,0
acc_0010,4,0
acc_0011,11,3
acc_0012,8,2
acc_0013,6,2
acc_0014,9,2
acc_0015,7,1
acc_0016,13,4
acc_0017,9,2
acc_0018,9,1
acc_0019,5,2
acc_0020,7,2
acc_0021,3,0
acc_0022,11,3
acc_0023,9,0
acc_0024,9,1
acc_0025,4,1
acc_0026,1,1
acc_0027,8,1
acc_0028,8,2
acc_0029,8,0
acc_0030,8,2
acc_0031,6,1
acc_0032,7,4
acc_0033,16,2
acc_0034,8,2
acc_0035,7,2
acc_0036,9,3
acc_0037,3,0
acc_0038,7,2
acc_0039,15,3
acc_0040,13,3
acc_0041,10,2
acc_0042,1,0
acc_0043,13,2
acc_0044,6,2
acc_0045,6,1
acc_0046,10,3
acc_0047,5,0
acc_0048,9,2
acc_0049,17,4
acc_0050,5,2
acc_0051,9,0
acc_0052,6,2
acc_0053,12,2
acc_0054,2,0
acc_0055,11,3
acc_0056,15,3
acc_0057,5,0
acc_0058,4,1
acc_0059,1,1
acc_0060,9,1
acc_0061,1,1
acc_0062,8,1
acc_0063,8,2
acc_0064,9,0
acc_0065,4,0
acc_0066,11,3
acc_0067,11,3
acc_0068,3,0
acc_0069,6,1
acc_0070,1,0
acc_0071,4,2
acc_0072,12,2
acc_0073,8,0
acc_0074,5,0
acc_0075,8,2
acc_0076,8,1
acc_0077,13,3
acc_0078,3,2
acc_0079,2,0
acc_0080,0,0
acc_0081,9,1
acc_0082,8,1
acc_0083,2,1
acc_0084,11,3
acc_0085,1,0
acc_0086,15,1
acc_0087,7,0
acc_0088,5,2
acc_0089,10,2
acc_0090,5,2
acc_0091,8,2
acc_0092,4,3
acc_0093,6,0
acc_0094,13,0
acc_0095,3,3
acc_0096,6,0
acc_0097,5,1
acc_0098,6,1
acc_0099,7,1
acc_0100,10,1
acc_0101,8,1
acc_0102,6,1
acc_0103,3,2
acc_0104,7,2
acc_0105,5,1
acc_0106,10,1
acc_0107,10,2
acc_0108,9,0
acc_0109,3,2
acc_0110,2,1
acc_0111,13,2
acc_0112,10,3
acc_0113,10,3
acc_0114,14,3
acc_0115,3,0
acc_0116,4,1
acc_0117,1,1
acc_0118,6,1
acc_0119,4,2
acc_0120,2,1
acc_0121,6,2
acc_0122,12,2
acc_0123,5,2
acc_0124,6,2
acc_0125,13,4
acc_0126,10,3
acc_0127,6,2
acc_0128,3,1
acc_0129,8,2
acc_0130,11,0
acc_0131,4,1
acc_0132,8,1
acc_0133,12,3
acc_0134,8,0
acc_0135,10,2
acc_0136,8,1
acc_0137,3,3
acc_0138,9,3
acc_0139,7,0
acc_0140,9,2
acc_0141,14,2
acc_0142,12,3
acc_0143,7,2
acc_0144,5,0
acc_0145,9,1
acc_0146,18,2
acc_0147,9,1
acc_0148,8,0
acc_0149,6,2
acc_0150,12,2
acc_0151,8,1
acc_0152,13,2
acc_0153,13,0
acc_0154,2,2
acc_0155,9,2
acc_0156,3,2
acc_0157,10,3
acc_0158,6,1
acc_0159,5,0
acc_0160,4,1
acc_0161,6,1
acc_0162,5,1
acc_0163,0,0
acc_0164,9,2
acc_0165,10,4
acc_0166,3,0
acc_0167,15,3
acc_0168,9,1
acc_0169,6,2
acc_0170,8,0
acc_0171,2,0
acc_0172,3,0
acc_0173,5,0
acc_0174,13,4
acc_0175,13,4
acc_0176,4,1
acc_0177,9,2
acc_0178,10,1
acc_0179,5,0
acc_0180,9,2
acc_0181,12,1
acc_0182,7,1
acc_0183,4,0
acc_0184,6,2
acc_0185,1,0
acc_0186,11,3
acc_0187,3,2
acc_0188,3,1
acc_0189,4,2
acc_0190,6,0
acc_0191,12,5
acc_0192,0,0
acc_0193,11,3
acc_0194,10,2
acc_0195,0,0
acc_0196,9,1
acc_0197,4,2
acc_0198,12,1
acc_0199,5,1
acc_0200,0,0
acc_0201,10,2
acc_0202,14,4
acc_0203,15,3
acc_0204,13,1
acc_0205,5,1
acc_0206,2,1
acc_0207,4,1
acc_0208,7,2
acc_0209,4,1
acc_0210,7,0
acc_0211,8,2
acc_0212,12,2
acc_0213,3,2
acc_0214,2,0
acc_0215,13,3
acc_0216,10,1
acc_0217,7,4
acc_0218,1,0
acc_0219,12,2
acc_0220,6,0
acc_0221,2,2
acc_0222,8,3
acc_0223,9,1
acc_0224,8,2
acc_0225,6,2
acc_0226,14,3
acc_0227,9,1
acc_0228,0,0
acc_0229,8,3
acc_0230,1,1
acc_0231,7,2
acc_0232,6,3
acc_0233,9,4
acc_0234,12,3
acc_0235,17,2
acc_0236,12,3
acc_0237,8,2
acc_0238,9,2
acc_0239,6,1
acc_0240,5,1
acc_0241,4,1
acc_0242,10,2
acc_0243,8,2
acc_0244,11,2
acc_0245,9,2
acc_0246,2,0
acc_0247,9,2
acc_0248,3,2
acc_0249,12,0
acc_0250,2,0
acc_0251,12,2
acc_0252,10,1
acc_0253,8,2
acc_0254,9,2
acc_0255,10,4
acc_0256,3,1
acc_0257,10,3
acc_0258,11,1
acc_0259,7,1
acc_0260,3,1
acc_0261,6,0
acc_0262,8,1
acc_0263,7,2
acc_0264,10,2
acc_0265,9,1
acc_0266,1,0
acc_0267,16,2
acc_0268,10,3
acc_0269,4,1
acc_0270,11,0
acc_0271,2,1
acc_0272,4,2
acc_0273,8,1
acc_0274,1,0
acc_0275,6,2
acc_0276,4,1
acc_0277,7,2
acc_0278,9,2
acc_0279,12,4
acc_0280,0,0
acc_0281,8,2
acc_0282,11,2
acc_0283,8,0
acc_0284,8,1
acc_0285,8,1
acc_0286,12,3
acc_0287,8,1
acc_0288,13,2
acc_0289,10,3
acc_0290,12,0
acc_0291,4,3
acc_0292,10,4
acc_0293,16,2
acc_0294,5,2
acc_0295,5,2
acc_0296,11,0
acc_0297,3,1
acc_0298,7,0
acc_0299,10,1
acc_0300,14,2
acc_0301,7,1
acc_0302,11,3
acc_0303,6,1
acc_0304,5,1
acc_0305,10,4
acc_0306,6,2
acc_0307,3,0
acc_0308,12,3
acc_0309,8,2
acc_0310,14,3
acc_0311,8,2
acc_0312,11,0
acc_0313,5,0
acc_0314,4,3
acc_0315,4,0
acc_0316,4,0
acc_0317,13,1
acc_0318,6,1
acc_0319,2,1
acc_0320,8,3
acc_0321,3,0
acc_0322,7,1
acc_0323,3,0
acc_0324,3,0
acc_0325,10,4
acc_0326,8,1
acc_0327,2,0
acc_0328,5,1
acc_0329,5,1
acc_0330,8,2
acc_0331,7,2
acc_0332,5,2
acc_0333,7,2
acc_0334,13,1
acc_0335,7,0
acc_0336,5,0
acc_0337,8,2
acc_0338,1,0
acc_0339,3,2
acc_0340,9,1
acc_0341,1,0
acc_0342,6,2
acc_0343,12,1
acc_0344,5,1
acc_0345,5,0
acc_0346,9,0
acc_0347,5,0
acc_0348,11,1
acc_0349,5,0
acc_0350,2,1
acc_0351,11,1
acc_0352,13,2
acc_0353,8,1
acc_0354,10,3
acc_0355,6,1
acc_0356,6,3
acc_0357,14,1
acc_0358,7,0
acc_0359,3,1
acc_0360,9,0
acc_0361,7,3
acc_0362,7,1
acc_0363,12,3
acc_0364,16,3
acc_0365,6,1
acc_0366,6,3
acc_0367,5,1
acc_0368,13,2
acc_0369,10,1
acc_0370,1,1
acc_0371,7,1
acc_0372,5,2
acc_0373,3,0
acc_0374,10,3
acc_0375,11,2
acc_0376,8,1
acc_0377,9,4
acc_0378,12,2
acc_0379,10,2
acc_0380,10,2
acc_0381,2,1
acc_0382,15,3
acc_0383,7,1
acc_0384,10,3
acc_0385,7,1
acc_0386,6,2
acc_0387,12,0
acc_0388,9,3
acc_0389,10,3
acc_0390,10,2
acc_0391,5,1
acc_0392,7,2
acc_0393,3,0
acc_0394,5,1
acc_0395,7,2
acc_0396,12,0
acc_0397,8,2
acc_0398,7,1
acc_0399,11,3
acc_0400,7,2
acc_0401,8,3
acc_0402,1,0
acc_0403,6,1
acc_0404,4,0
acc_0405,9,2
acc_0406,5,0
acc_0407,0,0
acc_0408,2,1
acc_0409,1,0
acc_0410,11,1
acc_0411,9,1
acc_0412,3,2
acc_0413,8,2
acc_0414,5,1
acc_0415,3,2
acc_0416,8,2
acc_0417,11,1
acc_0418,3,0
acc_0419,3,2
acc_0420,14,2
acc_0421,12,3
acc_0422,9,1
acc_0423,7,0
acc_0424,12,1
acc_0425,6,3
acc_0426,12,1
acc_0427,10,1
acc_0428,18,2
acc_0429,7,2
acc_0430,8,3
acc_0431,6,2
acc_0432,16,2
acc_0433,8,2
acc_0434,4,0
acc_0435,13,2
acc_0436,4,0
acc_0437,3,2
acc_0438,8,2
acc_0439,2,1
acc_0440,4,1
acc_0441,1,1
acc_0442,10,1
acc_0443,13,3
acc_0444,3,2
acc_0445,6,2
acc_0446,11,3
acc_0447,4,0
acc_0448,10,2
acc_0449,10,1
acc_0450,11,3
acc_0451,8,1
acc_0452,7,2
acc_0453,4,1
acc_0454,6,2
acc_0455,6,1
acc_0456,2,1
acc_0457,6,1
acc_0458,5,2
acc_0459,10,1
acc_0460,8,2
acc_0461,14,2
acc_0462,14,2
acc_0463,11,4
acc_0464,7,0
acc_0465,9,2
acc_0466,4,0
acc_0467,12,3
acc_0468,13,1
acc_0469,4,0
acc_0470,11,4
acc_0471,5,0
acc_0472,4,2
acc_0473,11,0
acc_0474,12,2
acc_0475,9,0
acc_0476,5,3
acc_0477,8,1
acc_0478,10,1
acc_0479,6,1
acc_0480,8,0
acc_0481,10,3
acc_0482,10,2
acc_0483,7,3
acc_0484,6,1
acc_0485,2,0
acc_0486,5,0
acc_0487,15,1
acc_0488,1,1
acc_0489,9,3
acc_0490,3,0
acc_0491,6,2
acc_0492,2,1
acc_0493,8,2
acc_0494,10,2
acc_0495,7,1
acc_0496,12,2
acc_0497,10,3
acc_0498,2,2
acc_0499,5,1
acc_0500,12,3
acc_0501,1,1
acc_0502,7,1
acc_0503,6,2
acc_0504,8,3
acc_0505,4,2
acc_0506,13,4
acc_0507,2,2
acc_0508,9,2
acc_0509,0,0
acc_0510,8,0
acc_0511,8,3
acc_0512,7,1
acc_0513,9,1
acc_0514,1,0
acc_0515,7,0
acc_0516,14,4
acc_0517,16,3
acc_0518,5,0
acc_0519,6,0
acc_0520,8,2
acc_0521,10,1
acc_0522,8,2
acc_0523,7,3
acc_0524,10,3
acc_0525,2,0
acc_0526,8,1
acc_0527,10,2
acc_0528,3,2
acc_0529,6,1
acc_0530,11,3
acc_0531,2,0
acc_0532,9,4
acc_0533,12,3
acc_0534,6,1
acc_0535,9,0
acc_0536,15,2
acc_0537,1,0
acc_0538,8,2
acc_0539,8,2
acc_0540,6,2
acc_0541,6,0
acc_0542,3,2
acc_0543,5,3
acc_0544,15,2
acc_0545,12,4
acc_0546,6,1
acc_0547,4,1
acc_0548,7,3
acc_0549,9,0
acc_0550,3,0
acc_0551,8,1
acc_0552,8,1
acc_0553,7,0
acc_0554,8,2
acc_0555,9,1
acc_0556,0,0
acc_0557,10,2
acc_0558,3,0
acc_0559,11,3
acc_0560,0,0
acc_0561,11,2
acc_0562,5,3
acc_0563,16,3
acc_0564,10,2
acc_0565,3,2
acc_0566,4,2
acc_0567,6,0
acc_0568,9,4
acc_0569,11,3
acc_0570,9,2
acc_0571,2,0
acc_0572,6,2
acc_0573,7,2
acc_0574,9,0
acc_0575,16,2
acc_0576,9,1
acc_0577,8,1
acc_0578,8,2
acc_0579,11,2
acc_0580,6,1
acc_0581,12,3
acc_0582,3,1
acc_0583,0,0
acc_0584,3,1
acc_0585,11,3
acc_0586,8,2
acc_0587,5,0
acc_0588,2,1
acc_0589,6,2
acc_0590,11,2
acc_0591,7,2
acc_0592,6,1
acc_0593,13,2
acc_0594,8,1
acc_0595,10,1
acc_0596,8,3
acc_0597,2,0
acc_0598,8,4
acc_0599,10,4
acc_0600,7,1
acc_0601,9,2
acc_0602,8,2
acc_0603,4,0
acc_0604,2,1
acc_0605,5,3
acc_0606,0,0
acc_0607,0,0
acc_0608,6,2
acc_0609,1,0
acc_0610,7,1
acc_0611,10,2
acc_0612,13,1
acc_0613,1,1
acc_0614,1,0
acc_0615,6,2
acc_0616,6,1
acc_0617,14,2
acc_0618,11,3
acc_0619,6,4
acc_0620,0,0
acc_0621,0,0
acc_0622,6,1
acc_0623,7,0
acc_0624,15,2
acc_0625,8,3
acc_0626,11,4
acc_0627,5,0
acc_0628,9,1
acc_0629,9,2
acc_0630,0,0
acc_0631,11,3
acc_0632,6,2
acc_0633,13,3
acc_0634,6,1
acc_0635,3,2
acc_0636,17,2
acc_0637,11,2
acc_0638,14,2
acc_0639,3,1
acc_0640,13,0
acc_0641,1,1
acc_0642,8,1
acc_0643,8,0
acc_0644,11,0
acc_0645,7,1
acc_0646,9,0
acc_0647,7,2
acc_0648,9,1
acc_0649,7,1
acc_0650,11,2
acc_0651,6,0
acc_0652,9,2
acc_0653,18,3
acc_0654,6,1
acc_0655,5,2
acc_0656,7,1
acc_0657,9,1
acc_0658,6,2
acc_0659,10,2
acc_0660,0,0
acc_0661,6,2
acc_0662,6,1
acc_0663,8,3
acc_0664,9,1
acc_0665,5,3
acc_0666,14,2
acc_0667,4,2
acc_0668,8,0
acc_0669,7,3
acc_0670,15,3
acc_0671,3,0
acc_0672,8,3
acc_0673,8,0
acc_0674,6,1
acc_0675,12,2
acc_0676,4,2
acc_0677,6,3
acc_0678,13,2
acc_0679,6,0
acc_0680,14,1
acc_0681,8,2
acc_0682,5,1
acc_0683,9,2
acc_0684,8,1
acc_0685,5,2
acc_0686,5,1
acc_0687,10,1
acc_0688,5,3
acc_0689,15,2
acc_0690,4,1
acc_0691,11,1
acc_0692,2,1
acc_0693,9,3
acc_0694,6,0
acc_0695,5,1
acc_0696,6,0
acc_0697,6,0
acc_0698,10,3
acc_0699,10,2
acc_0700,5,3
acc_0701,4,3
acc_0702,8,3
acc_0703,4,2
acc_0704,7,3
acc_0705,6,3
acc_0706,7,2
acc_0707,5,1
acc_0708,8,3
acc_0709,9,1
acc_0710,6,2
acc_0711,6,2
acc_0712,5,0
acc_0713,12,1
acc_0714,8,1
acc_0715,14,4
acc_0716,9,2
acc_0717,4,0
acc_0718,0,0
acc_0719,8,0
acc_0720,5,1
acc_0721,10,1
acc_0722,12,3
acc_0723,3,0
acc_0724,5,1
acc_0725,11,0
acc_0726,10,2
acc_0727,11,2
acc_0728,9,2
acc_0729,7,2
acc_0730,9,2
acc_0731,5,3
acc_0732,10,0
acc_0733,1,0
acc_0734,3,0
acc_0735,7,2
acc_0736,9,2
acc_0737,6,0
acc_0738,5,3
acc_0739,8,1
acc_0740,11,0
acc_0741,9,3
acc_0742,5,1
acc_0743,15,2
acc_0744,16,3
acc_0745,7,1
acc_0746,7,1
acc_0747,2,1
acc_0748,12,3
acc_0749,6,1
acc_0750,2,1
acc_0751,8,1
acc_0752,4,0
acc_0753,7,1
acc_0754,16,1
acc_0755,6,1
acc_0756,6,0
acc_0757,3,1
acc_0758,8,1
acc_0759,4,2
acc_0760,7,0
acc_0761,6,1
acc_0762,8,2
acc_0763,1,1
acc_0764,6,4
acc_0765,9,0
acc_0766,12,2
acc_0767,2,2
acc_0768,10,1
acc_0769,10,2
acc_0770,6,0
acc_0771,1,0
acc_0772,2,1
acc_0773,7,4
acc_0774,10,0
acc_0775,7,1
acc_0776,3,1
acc_0777,4,2
acc_0778,11,3
acc_0779,3,1
acc_0780,7,0
acc_0781,6,0
acc_0782,6,0
acc_0783,5,2
acc_0784,4,0
acc_0785,8,3
acc_0786,9,3
acc_0787,11,4
acc_0788,4,3
acc_0789,14,2
acc_0790,8,0
acc_0791,6,1
acc_0792,2,2
acc_0793,7,1
acc_0794,11,1
acc_0795,6,3
acc_0796,0,0
acc_0797,8,1
acc_0798,8,1
acc_0799,14,2
acc_0800,10,1
acc_0801,8,3
acc_0802,2,0
acc_0803,8,1
acc_0804,12,2
acc_0805,8,2
acc_0806,9,1
acc_0807,8,3
acc_0808,13,2
acc_0809,11,3
acc_0810,6,2
acc_0811,3,0
acc_0812,14,3
acc_0813,8,2
acc_0814,9,2
acc_0815,1,0
acc_0816,3,2
acc_0817,3,0
acc_0818,9,1
acc_0819,1,1
acc_0820,6,1
acc_0821,8,0
acc_0822,12,1
acc_0823,5,1
acc_0824,9,2
acc_0825,8,2
acc_0826,11,2
acc_0827,8,2
acc_0828,12,2
acc_0829,0,0
acc_0830,7,2
acc_0831,1,0
acc_0832,7,2
acc_0833,7,2
acc_0834,11,1
acc_0835,0,0
acc_0836,2,1
acc_0837,15,3
acc_0838,6,0
acc_0839,10,0
acc_0840,15,3
acc_0841,10,1
acc_0842,11,0
acc_0843,12,1
acc_0844,4,0
acc_0845,8,3
acc_0846,2,0
acc_0847,7,3
acc_0848,4,3
acc_0849,16,2
acc_0850,7,1
acc_0851,8,3
acc_0852,8,2
acc_0853,7,1
acc_0854,6,1
acc_0855,14,2
acc_0856,8,1
acc_0857,7,2
acc_0858,11,2
acc_0859,4,1
acc_0860,12,3
acc_0861,12,2
acc_0862,11,4
acc_0863,10,2
acc_0864,4,2
acc_0865,12,3
acc_0866,7,1
acc_0867,8,2
acc_0868,6,1
acc_0869,6,4
acc_0870,8,1
acc_0871,4,0
acc_0872,18,5
acc_0873,13,2
acc_0874,9,2
acc_0875,7,0
acc_0876,4,1
acc_0877,11,1
acc_0878,7,0
acc_0879,9,1
acc_0880,10,3
acc_0881,11,1
acc_0882,10,2
acc_0883,3,3
acc_0884,4,1
acc_0885,5,0
acc_0886,11,2
acc_0887,2,2
acc_0888,9,3
acc_0889,14,3
acc_0890,15,3
acc_0891,5,2
acc_0892,10,3
acc_0893,3,1
acc_0894,11,2
acc_0895,0,0
acc_0896,8,1
acc_0897,13,5
acc_0898,5,0
acc_0899,5,2
acc_0900,8,0
acc_0901,5,1
acc_0902,8,1
acc_0903,10,1
acc_0904,11,1
acc_0905,9,2
acc_0906,12,2
acc_0907,1,1
acc_0908,7,1
acc_0909,16,3
acc_0910,8,1
acc_0911,11,3
acc_0912,12,3
acc_0913,12,3
acc_0914,13,2
acc_0915,7,3
acc_0916,11,1
acc_0917,11,3
acc_0918,10,2
acc_0919,13,3
acc_0920,5,1
acc_0921,9,1
acc_0922,1,0
acc_0923,8,2
acc_0924,7,1
acc_0925,5,2
acc_0926,7,2
acc_0927,7,1
acc_0928,9,2
acc_0929,8,2
acc_0930,6,1
acc_0931,9,2
acc_0932,8,0
acc_0933,11,3
acc_0934,4,1
acc_0935,14,4
acc_0936,9,0
acc_0937,12,2
acc_0938,7,2
acc_0939,7,2
acc_0940,10,1
acc_0941,9,3
acc_0942,7,0
acc_0943,7,2
acc_0944,8,0
acc_0945,5,2
acc_0946,11,2
acc_0947,7,2
acc_0948,5,1
acc_0949,13,2
acc_0950,2,0
acc_0951,2,2
acc_0952,0,0
acc_0953,11,3
acc_0954,10,2
acc_0955,3,2
acc_0956,5,2
acc_0957,2,2
acc_0958,9,2
acc_0959,3,1
acc_0960,0,0
acc_0961,9,0
acc_0962,14,2
acc_0963,7,4
acc_0964,6,3
acc_0965,12,1
acc_0966,10,0
acc_0967,10,2
acc_0968,3,2
acc_0969,4,0
acc_0970,7,3
acc_0971,11,1
acc_0972,0,0
acc_0973,15,3
acc_0974,5,2
acc_0975,14,3
acc_0976,4,2
acc_0977,3,1
acc_0978,11,3
acc_0979,6,1
acc_0980,12,4
acc_0981,11,4
acc_0982,16,3
acc_0983,8,1
acc_0984,5,1
acc_0985,7,2
acc_0986,9,0
acc_0987,12,2
acc_0988,14,3
acc_0989,7,0
acc_0990,0,0
acc_0991,1,0
acc_0992,4,1
acc_0993,5,1
acc_0994,3,0
acc_0995,9,1
acc_0996,9,3
acc_0997,3,0
acc_0998,10,1
acc_0999,7,3
acc_1000,7,1
acc_1001,11,1
acc_1002,10,3
acc_1003,0,0
acc_1004,10,2
acc_1005,10,1
acc_1006,11,1
acc_1007,9,1
acc_1008,6,0
acc_1009,5,4
acc_1010,4,0
acc_1011,1,0
acc_1012,6,2
acc_1013,0,0
acc_1014,11,2
acc_1015,8,1
acc_1016,11,1
acc_1017,3,1
acc_1018,11,3
acc_1019,0,0
acc_1020,5,3
acc_1021,7,1
acc_1022,9,2
acc_1023,10,1
acc_1024,11,4
acc_1025,9,1
acc_1026,14,3
acc_1027,9,3
acc_1028,4,2
acc_1029,12,2
acc_1030,6,1
acc_1031,2,0
acc_1032,5,2
acc_1033,10,1
acc_1034,11,0
acc_1035,12,2
acc_1036,10,2
acc_1037,4,1
acc_1038,11,0
acc_1039,11,4
acc_1040,15,3
acc_1041,9,2
acc_1042,5,1
acc_1043,8,2
acc_1044,15,2
acc_1045,14,3
acc_1046,5,2
acc_1047,3,2
acc_1048,9,2
acc_1049,5,1
acc_1050,7,1
acc_1051,7,1
acc_1052,10,1
acc_1053,12,1
acc_1054,10,1
acc_1055,10,2
acc_1056,6,3
acc_1057,11,2
acc_1058,10,2
acc_1059,2,1
acc_1060,3,0
acc_1061,4,3
acc_1062,6,1
acc_1063,7,2
acc_1064,1,1
acc_1065,0,0
acc_1066,11,1
acc_1067,9,2
acc_1068,9,0
acc_1069,12,1
acc_1070,13,2
acc_1071,6,1
acc_1072,6,1
acc_1073,14,4
acc_1074,12,3
acc_1075,6,2
acc_1076,12,2
acc_1077,5,1
acc_1078,8,1
acc_1079,4,0
acc_1080,3,0
acc_1081,3,2
acc_1082,10,1
acc_1083,3,0
acc_1084,9,2
acc_1085,5,0
acc_1086,11,1
acc_1087,9,1
acc_1088,6,2
acc_1089,0,0
acc_1090,7,2
acc_1091,4,2
acc_1092,9,2
acc_1093,5,1
acc_1094,11,4
acc_1095,9,0
acc_1096,7,3
acc_1097,6,3
acc_1098,13,2
acc_1099,11,1
acc_1100,2,0
acc_1101,1,0
acc_1102,0,0
acc_1103,7,0
acc_1104,5,3
acc_1105,10,2
acc_1106,11,4
acc_1107,11,1
acc_1108,12,3
acc_1109,4,2
acc_1110,9,2
acc_1111,12,2
acc_1112,8,1
acc_1113,5,0
acc_1114,0,0
acc_1115,8,2
acc_1116,8,2
acc_1117,2,0
acc_1118,11,3
acc_1119,9,1
acc_1120,7,0
acc_1121,9,0
acc_1122,9,1
acc_1123,13,3
acc_1124,11,1
acc_1125,10,1
acc_1126,12,3
acc_1127,14,4
acc_1128,10,3
acc_1129,5,0
acc_1130,7,2
acc_1131,12,2
acc_1132,3,3
acc_1133,12,3
acc_1134,4,2
acc_1135,10,2
acc_1136,9,3
acc_1137,9,1
acc_1138,14,4
acc_1139,5,3
acc_1140,9,1
acc_1141,8,1
acc_1142,3,0
acc_1143,9,2
acc_1144,0,0
acc_1145,10,2
acc_1146,8,1
acc_1147,8,2
acc_1148,9,0
acc_1149,8,3
acc_1150,3,2
acc_1151,2,1
acc_1152,8,0
acc_1153,11,2
acc_1154,5,3
acc_1155,5,3
acc_1156,7,2
acc_1157,9,0
acc_1158,7,2
acc_1159,5,1
acc_1160,6,1
acc_1161,2,0
acc_1162,9,2
acc_1163,1,1
acc_1164,8,4
acc_1165,1,1
acc_1166,5,2
acc_1167,12,3
acc_1168,0,0
acc_1169,13,4
acc_1170,10,1
acc_1171,7,1
acc_1172,9,2
acc_1173,11,2
acc_1174,7,0
acc_1175,2,2
acc_1176,15,2
acc_1177,7,3
acc_1178,15,3
acc_1179,0,0
acc_1180,7,0
acc_1181,11,1
acc_1182,5,1
acc_1183,9,1
acc_1184,6,0
acc_1185,10,1
acc_1186,13,2
acc_1187,8,2
acc_1188,5,0
acc_1189,6,0
acc_1190,13,3
acc_1191,3,1
acc_1192,9,2
acc_1193,8,3
acc_1194,8,2
acc_1195,11,1
acc_1196,2,0
acc_1197,12,1
acc_1198,8,1
acc_1199,6,0
acc_1200,6,0
acc_1201,8,0
acc_1202,6,3
acc_1203,3,0
acc_1204,2,0
acc_1205,14,2
acc_1206,0,0
acc_1207,4,1
acc_1208,6,1
acc_1209,9,1
acc_1210,6,2
acc_1211,5,1
acc_1212,12,3
acc_1213,8,2
acc_1214,4,0
acc_1215,7,1
acc_1216,0,0
acc_1217,5,1
acc_1218,15,2
acc_1219,3,2
acc_1220,6,0
acc_1221,12,2
acc_1222,8,0
acc_1223,8,2
acc_1224,0,0
acc_1225,12,2
acc_1226,6,1
acc_1227,10,3
acc_1228,5,0
acc_1229,10,0
acc_1230,2,1
acc_1231,10,1
acc_1232,9,1
acc_1233,8,1
acc_1234,7,2
acc_1235,2,0
acc_1236,7,1
acc_1237,13,3
acc_1238,10,1
acc_1239,9,2
acc_1240,2,1
acc_1241,7,1
acc_1242,8,1
acc_1243,8,2
acc_1244,7,1
acc_1245,9,3
acc_1246,3,0
acc_1247,5,1
acc_1248,14,3
acc_1249,7,1
acc_1250,9,1
acc_1251,2,2
acc_1252,4,0
acc_1253,7,2
acc_1254,8,3
acc_1255,5,2
acc_1256,9,1
acc_1257,1,0
acc_1258,10,3
acc_1259,14,1
acc_1260,10,3
acc_1261,16,2
acc_1262,9,1
acc_1263,2,1
acc_1264,5,1
acc_1265,7,4
acc_1266,1,1
acc_1267,12,1
acc_1268,3,0
acc_1269,1,1
acc_1270,11,2
acc_1271,7,2
acc_1272,12,2
acc_1273,10,3
acc_1274,11,2
acc_1275,8,1
acc_1276,9,0
acc_1277,2,0
acc_1278,2,0
acc_1279,5,2
acc_1280,9,1
acc_1281,12,3
acc_1282,2,1
acc_1283,7,2
acc_1284,9,4
acc_1285,2,1
acc_1286,8,2
acc_1287,7,1
acc_1288,8,3
acc_1289,1,1
acc_1290,6,0
acc_1291,12,3
acc_1292,3,1
acc_1293,8,2
acc_1294,10,2
acc_1295,8,0
acc_1296,11,2
acc_1297,7,1
acc_1298,8,1
acc_1299,5,2
acc_1300,13,2
acc_1301,11,2
acc_1302,6,1
acc_1303,7,2
acc_1304,5,3
acc_1305,5,1
acc_1306,12,2
acc_1307,8,4
acc_1308,10,0
acc_1309,8,2
acc_1310,6,1
acc_1311,9,3
acc_1312,8,1
acc_1313,9,3
acc_1314,13,3
acc_1315,8,0
acc_1316,15,1
acc_1317,6,1
acc_1318,6,2
acc_1319,12,3
acc_1320,9,1
acc_1321,0,0
acc_1322,12,3
acc_1323,10,2
acc_1324,1,0
acc_1325,8,0
acc_1326,5,2
acc_1327,3,0
acc_1328,5,1
acc_1329,9,1
acc_1330,7,2
acc_1331,9,1
acc_1332,8,1
acc_1333,3,1
acc_1334,0,0
acc_1335,10,2
acc_1336,5,2
acc_1337,10,2
acc_1338,7,1
acc_1339,12,3
acc_1340,10,3
acc_1341,7,2
acc_1342,7,1
acc_1343,9,0
acc_1344,6,3
acc_1345,9,3
acc_1346,5,0
acc_1347,8,0
acc_1348,6,0
acc_1349,3,2
acc_1350,5,1
acc_1351,1,0
acc_1352,11,1
acc_1353,11,1
acc_1354,7,1
acc_1355,6,2
acc_1356,10,1
acc_1357,2,2
acc_1358,9,3
acc_1359,9,1
acc_1360,9,1
acc_1361,6,1
acc_1362,10,2
acc_1363,13,1
acc_1364,5,1
acc_1365,5,2
acc_1366,12,1
acc_1367,10,1
acc_1368,16,1
acc_1369,8,2
acc_1370,11,3
acc_1371,7,0
acc_1372,1,0
acc_1373,7,1
acc_1374,1,0
acc_1375,18,2
acc_1376,4,0
acc_1377,7,3
acc_1378,4,0
acc_1379,2,1
acc_1380,9,1
acc_1381,6,2
acc_1382,3,0
acc_1383,12,1
acc_1384,6,1
acc_1385,5,1
acc_1386,3,1
acc_1387,16,3
acc_1388,14,3
acc_1389,8,2
acc_1390,10,2
acc_1391,6,0
acc_1392,10,1
acc_1393,14,2
acc_1394,0,0
acc_1395,6,2
acc_1396,4,2
acc_1397,6,1
acc_1398,6,3
acc_1399,13,3
acc_1400,2,0
acc_1401,9,2
acc_1402,11,4
acc_1403,2,0
acc_1404,11,3
acc_1405,3,2
acc_1406,5,1
acc_1407,12,3
acc_1408,2,2
acc_1409,11,1
acc_1410,6,1
acc_1411,4,2
acc_1412,14,2
acc_1413,2,1
acc_1414,3,2
acc_1415,9,1
acc_1416,13,1
acc_1417,11,0
acc_1418,6,0
acc_1419,8,1
acc_1420,6,2
acc_1421,7,2
acc_1422,5,0
acc_1423,9,1
acc_1424,0,0
acc_1425,9,2
acc_1426,6,1
acc_1427,10,3
acc_1428,7,1
acc_1429,8,0
acc_1430,3,3
acc_1431,4,2
acc_1432,3,0
acc_1433,3,0
acc_1434,9,1
acc_1435,2,2
acc_1436,5,2
acc_1437,4,2
acc_1438,8,1
acc_1439,8,2
acc_1440,12,2
acc_1441,7,1
acc_1442,11,1
acc_1443,3,0
acc_1444,9,1
acc_1445,9,2
acc_1446,13,3
acc_1447,4,3
acc_1448,1,1
acc_1449,8,2
acc_1450,5,2
acc_1451,3,2
acc_1452,16,2
acc_1453,6,1
acc_1454,0,0
acc_1455,16,3
acc_1456,11,3
acc_1457,11,3
acc_1458,9,0
acc_1459,2,0
acc_1460,11,3
acc_1461,7,3
acc_1462,10,3
acc_1463,9,4
acc_1464,13,1
acc_1465,6,2
acc_1466,14,2
acc_1467,7,2
acc_1468,12,3
acc_1469,3,0
acc_1470,9,1
acc_1471,12,2
acc_1472,2,0
acc_1473,10,3
acc_1474,12,4
acc_1475,9,0
acc_1476,8,4
acc_1477,10,3
acc_1478,1,0
acc_1479,10,1
acc_1480,12,3
acc_1481,10,2
acc_1482,9,2
acc_1483,2,0
acc_1484,16,2
acc_1485,13,1
acc_1486,8,1
acc_1487,4,1
acc_1488,14,3
acc_1489,5,0
acc_1490,0,0
acc_1491,17,2
acc_1492,5,1
acc_1493,2,0
acc_1494,7,4
acc_1495,3,1
acc_1496,0,0
acc_1497,5,1
acc_1498,8,1
acc_1499,14,1
acc_1500,6,1
acc_1501,3,1
acc_1502,9,4
acc_1503,9,3
acc_1504,10,0
acc_1505,8,0
acc_1506,6,1
acc_1507,4,2
acc_1508,13,3
acc_1509,8,0
acc_1510,10,0
acc_1511,3,1
acc_1512,4,2
acc_1513,3,1
acc_1514,8,3
acc_1515,2,0
acc_1516,6,2
acc_1517,4,3
acc_1518,4,1
acc_1519,6,0
acc_1520,2,0
acc_1521,6,0
acc_1522,14,0
acc_1523,4,0
acc_1524,11,3
acc_1525,7,2
acc_1526,2,2
acc_1527,5,2
acc_1528,10,3
acc_1529,10,0
acc_1530,6,1
acc_1531,8,2
acc_1532,9,1
acc_1533,4,2
acc_1534,15,0
acc_1535,11,2
acc_1536,4,2
acc_1537,11,3
acc_1538,11,2
acc_1539,9,1
acc_1540,6,2
acc_1541,6,1
acc_1542,13,1
acc_1543,7,2
acc_1544,7,1
acc_1545,6,1
acc_1546,8,2
acc_1547,6,2
acc_1548,9,2
acc_1549,10,2
acc_1550,8,0
acc_1551,9,2
acc_1552,6,0
acc_1553,4,1
acc_1554,2,0
acc_1555,4,0
acc_1556,12,2
acc_1557,11,2
acc_1558,10,2
acc_1559,9,2
acc_1560,4,2
acc_1561,0,0
acc_1562,5,2
acc_1563,9,2
acc_1564,5,1
acc_1565,3,1
acc_1566,2,0
acc_1567,7,0
acc_1568,15,2
acc_1569,14,4
acc_1570,16,1
acc_1571,7,1
acc_1572,6,0
acc_1573,11,3
acc_1574,1,1
acc_1575,6,2
acc_1576,6,4
acc_1577,6,2
acc_1578,5,2
acc_1579,3,3
acc_1580,4,2
acc_1581,8,1
acc_1582,12,2
acc_1583,5,2
acc_1584,7,0
acc_1585,5,0
acc_1586,9,1
acc_1587,7,2
acc_1588,10,2
acc_1589,10,1
acc_1590,11,3
acc_1591,9,2
acc_1592,8,1
acc_1593,5,1
acc_1594,12,3
acc_1595,15,3
acc_1596,11,2
acc_1597,5,2
acc_1598,12,1
acc_1599,2,1
acc_1600,3,1
acc_1601,11,1
acc_1602,4,1
acc_1603,5,2
acc_1604,5,0
acc_1605,0,0
acc_1606,5,4
acc_1607,14,2
acc_1608,3,2
acc_1609,7,1
acc_1610,12,4
acc_1611,3,0
acc_1612,0,0
acc_1613,9,3
acc_1614,12,2
acc_1615,4,2
acc_1616,12,3
acc_1617,3,0
acc_1618,14,3
acc_1619,3,0
acc_1620,8,2
acc_1621,5,2
acc_1622,12,1
acc_1623,8,0
acc_1624,8,2
acc_1625,13,5
acc_1626,3,2
acc_1627,9,2
acc_1628,3,2
acc_1629,6,1
acc_1630,1,0
acc_1631,2,0
acc_1632,8,2
acc_1633,1,0
acc_1634,6,3
acc_1635,6,0
acc_1636,6,0
acc_1637,1,1
acc_1638,3,0
acc_1639,10,2
acc_1640,4,1
acc_1641,12,4
acc_1642,4,2
acc_1643,10,3
acc_1644,6,3
acc_1645,10,3
acc_1646,4,2
acc_1647,7,4
acc_1648,1,1
acc_1649,8,0
acc_1650,13,4
acc_1651,7,1
acc_1652,13,2
acc_1653,5,2
acc_1654,12,2
acc_1655,0,0
acc_1656,9,0
acc_1657,14,2
acc_1658,1,1
acc_1659,7,2
acc_1660,1,0
acc_1661,7,2
acc_1662,16,1
acc_1663,15,1
acc_1664,0,0
acc_1665,1,1
acc_1666,6,2
acc_1667,4,0
acc_1668,9,3
acc_1669,5,0
acc_1670,9,2
acc_1671,2,1
acc_1672,11,3
acc_1673,6,0
acc_1674,6,3
acc_1675,0,0
acc_1676,4,1
acc_1677,11,4
acc_1678,6,3
acc_1679,6,1
acc_1680,8,3
acc_1681,0,0
acc_1682,10,4
acc_1683,7,1
acc_1684,10,2
acc_1685,9,2
acc_1686,3,1
acc_1687,4,0
acc_1688,2,1
acc_1689,11,2
acc_1690,5,0
acc_1691,6,0
acc_1692,6,0
acc_1693,2,0
acc_1694,12,2
acc_1695,11,3
acc_1696,6,1
acc_1697,0,0
acc_1698,2,2
acc_1699,9,2
acc_1700,2,2
acc_1701,7,2
acc_1702,4,0
acc_1703,7,2
acc_1704,9,2
acc_1705,5,3
acc_1706,7,3
acc_1707,7,3
acc_1708,6,2
acc_1709,4,0
acc_1710,15,4
acc_1711,7,3
acc_1712,5,0
acc_1713,9,0
acc_1714,12,1
acc_1715,3,0
acc_1716,5,0
acc_1717,6,1
acc_1718,4,2
acc_1719,6,1
acc_1720,4,0
acc_1721,10,1
acc_1722,12,1
acc_1723,15,1
acc_1724,10,2
acc_1725,10,3
acc_1726,14,2
acc_1727,7,1
acc_1728,0,0
acc_1729,11,2
acc_1730,10,1
acc_1731,9,1
acc_1732,6,0
acc_1733,10,2
acc_1734,10,0
acc_1735,8,1
acc_1736,13,3
acc_1737,5,1
acc_1738,15,1
acc_1739,14,2
acc_1740,12,3
acc_1741,5,0
acc_1742,6,3
acc_1743,16,4
acc_1744,4,2
acc_1745,15,3
acc_1746,1,1
acc_1747,5,1
acc_1748,0,0
acc_1749,1,1
acc_1750,7,3
acc_1751,3,0
acc_1752,12,1
acc_1753,8,1
acc_1754,15,2
acc_1755,2,1
acc_1756,12,1
acc_1757,12,3
acc_1758,10,4
acc_1759,0,0
acc_1760,8,3
acc_1761,14,3
acc_1762,8,1
acc_1763,4,1
acc_1764,12,1
acc_1765,14,1
acc_1766,9,2
acc_1767,4,2
acc_1768,7,0
acc_1769,7,2
acc_1770,9,1
acc_1771,4,2
acc_1772,5,2
acc_1773,8,0
acc_1774,7,0
acc_1775,10,2
acc_1776,5,1
acc_1777,0,0
acc_1778,3,1
acc_1779,10,2
acc_1780,7,2
acc_1781,7,0
acc_1782,5,1
acc_1783,6,0
acc_1784,0,0
acc_1785,9,2
acc_1786,1,0
acc_1787,9,1
acc_1788,1,1
acc_1789,4,3
acc_1790,5,3
acc_1791,13,4
acc_1792,6,2
acc_1793,6,3
acc_1794,8,3
acc_1795,6,2
acc_1796,10,3
acc_1797,9,2
acc_1798,3,1
acc_1799,7,1
acc_1800,14,2
acc_1801,7,1
acc_1802,11,3
acc_1803,5,0
acc_1804,11,2
acc_1805,5,0
acc_1806,5,0
acc_1807,2,2
acc_1808,2,2
acc_1809,9,2
acc_1810,3,1
acc_1811,10,2
acc_1812,7,1
acc_1813,4,0
acc_1814,6,2
acc_1815,14,1
acc_1816,11,2
acc_1817,5,3
acc_1818,15,3
acc_1819,9,2
acc_1820,4,0
acc_1821,10,2
acc_1822,8,0
acc_1823,6,3
acc_1824,5,0
acc_1825,12,0
acc_1826,10,2
acc_1827,6,2
acc_1828,3,2
acc_1829,0,0
acc_1830,2,2
acc_1831,12,4
acc_1832,3,1
acc_1833,6,0
acc_1834,11,2
acc_1835,8,0
acc_1836,5,3
acc_1837,12,3
acc_1838,9,2
acc_1839,9,2
acc_1840,2,0
acc_1841,4,0
acc_1842,12,3
acc_1843,16,2
acc_1844,9,2
acc_1845,9,2
acc_1846,9,2
acc_1847,0,0
acc_1848,13,2
acc_1849,10,2
acc_1850,0,0
acc_1851,7,5
acc_1852,12,0
acc_1853,8,1
acc_1854,10,2
acc_1855,4,2
acc_1856,16,3
acc_1857,14,3
acc_1858,10,0
acc_1859,5,2
acc_1860,3,2
acc_1861,4,0
acc_1862,1,0
acc_1863,10,1
acc_1864,3,1
acc_1865,3,1
acc_1866,10,0
acc_1867,11,1
acc_1868,3,0
acc_1869,4,0
acc_1870,4,0
acc_1871,15,3
acc_1872,1,0
acc_1873,12,4
acc_1874,5,1
acc_1875,8,0
acc_1876,7,0
acc_1877,10,2
acc_1878,6,1
acc_1879,6,2
acc_1880,11,1
acc_1881,13,1
acc_1882,9,1
acc_1883,3,0
acc_1884,9,1
acc_1885,7,1
acc_1886,5,0
acc_1887,10,2
acc_1888,0,0
acc_1889,2,2
acc_1890,9,0
acc_1891,3,2
acc_1892,4,0
acc_1893,9,4
acc_1894,14,3
acc_1895,10,3
acc_1896,3,0
acc_1897,7,0
acc_1898,2,1
acc_1899,12,2
acc_1900,7,2
acc_1901,3,1
acc_1902,8,1
acc_1903,2,1
acc_1904,1,1
acc_1905,11,2
acc_1906,5,1
acc_1907,0,0
acc_1908,8,1
acc_1909,9,1
acc_1910,16,3
acc_1911,9,3
acc_1912,8,3
acc_1913,9,2
acc_1914,7,2
acc_1915,7,1
acc_1916,13,3
acc_1917,3,0
acc_1918,4,1
acc_1919,4,0
acc_1920,10,2
acc_1921,3,1
acc_1922,5,0
acc_1923,10,1
acc_1924,7,2
acc_1925,10,4
acc_1926,8,1
acc_1927,10,2
acc_1928,0,0
acc_1929,7,0
acc_1930,11,1
acc_1931,9,1
acc_1932,11,1
acc_1933,9,1
acc_1934,5,1
acc_1935,11,1
acc_1936,5,2
acc_1937,9,1
acc_1938,12,3
acc_1939,3,0
acc_1940,8,4
acc_1941,7,0
acc_1942,11,2
acc_1943,2,0
acc_1944,9,2
acc_1945,10,1
acc_1946,14,0
acc_1947,10,1
acc_1948,7,3
acc_1949,16,2
acc_1950,3,1
acc_1951,7,1
acc_1952,11,2
acc_1953,10,4
acc_1954,8,1
acc_1955,8,1
acc_1956,12,2
acc_1957,11,3
acc_1958,15,1
acc_1959,3,3
acc_1960,8,3
acc_1961,5,2
acc_1962,9,3
acc_1963,7,2
acc_1964,13,3
acc_1965,3,2
acc_1966,5,0
acc_1967,11,3
acc_1968,0,0
acc_1969,5,2
acc_1970,9,0
acc_1971,6,2
acc_1972,13,3
acc_1973,8,1
acc_1974,8,0
acc_1975,11,2
acc_1976,8,1
acc_1977,8,1
acc_1978,11,3
acc_1979,9,1
acc_1980,11,2
acc_1981,12,3
acc_1982,10,2
acc_1983,6,1
acc_1984,9,2
acc_1985,7,1
acc_1986,7,1
acc_1987,13,2
acc_1988,16,3
acc_1989,11,2
acc_1990,13,3
acc_1991,0,0
acc_1992,3,0
acc_1993,13,1
acc_1994,6,2
acc_1995,9,2
acc_1996,2,1
acc_1997,11,2
acc_1998,8,1
acc_1999,3,1
acc_2000,6,2
acc_2001,16,2
acc_2002,1,1
acc_2003,7,1
acc_2004,7,2
acc_2005,9,2
acc_2006,4,1
acc_2007,9,0
acc_2008,12,3
acc_2009,2,2
acc_2010,4,2
acc_2011,18,3
acc_2012,5,2
acc_2013,12,3
acc_2014,11,2
acc_2015,11,3
acc_2016,5,0
acc_2017,2,0
acc_2018,10,3
acc_2019,6,2
acc_2020,9,1
acc_2021,10,2
acc_2022,5,0
acc_2023,7,1
acc_2024,12,3
acc_2025,5,1
acc_2026,5,3
acc_2027,1,0
acc_2028,4,1
acc_2029,4,2
acc_2030,7,2
acc_2031,2,0
acc_2032,8,3
acc_2033,15,3
acc_2034,8,3
acc_2035,6,1
acc_2036,10,3
acc_2037,8,2
acc_2038,6,1
acc_2039,13,3
acc_2040,3,0
acc_2041,3,0
acc_2042,2,0
acc_2043,2,0
acc_2044,12,0
acc_2045,11,3
acc_2046,2,0
acc_2047,5,0
acc_2048,11,2
acc_2049,12,3
acc_2050,1,1
acc_2051,4,1
acc_2052,5,2
acc_2053,5,1
acc_2054,0,0
acc_2055,8,0
acc_2056,8,2
acc_2057,7,1
acc_2058,13,4
acc_2059,8,2
acc_2060,5,1
acc_2061,5,2
acc_2062,9,2
acc_2063,13,3
acc_2064,2,2
acc_2065,4,1
acc_2066,9,1
acc_2067,1,0
acc_2068,0,0
acc_2069,5,3
acc_2070,10,1
acc_2071,5,1
acc_2072,1,0
acc_2073,8,1
acc_2074,6,0
acc_2075,9,0
acc_2076,4,1
acc_2077,8,2
acc_2078,4,2
acc_2079,9,3
acc_2080,3,0
acc_2081,9,0
acc_2082,8,0
acc_2083,11,1
acc_2084,7,2
acc_2085,4,1
acc_2086,5,1
acc_2087,10,3
acc_2088,8,4
acc_2089,5,1
acc_2090,10,1
acc_2091,5,0
acc_2092,8,2
acc_2093,7,3
acc_2094,9,1
acc_2095,9,1
acc_2096,7,0
acc_2097,8,1
acc_2098,6,2
acc_2099,14,2
acc_2100,11,2
acc_2101,6,3
acc_2102,7,2
acc_2103,16,1
acc_2104,2,1
acc_2105,1,0
acc_2106,8,2
acc_2107,7,1
acc_2108,8,2
acc_2109,10,2
acc_2110,12,5
acc_2111,7,2
acc_2112,3,1
acc_2113,6,2
acc_2114,9,1
acc_2115,5,0
acc_2116,7,2
acc_2117,9,2
acc_2118,7,0
acc_2119,11,4
acc_2120,0,0
acc_2121,9,3
acc_2122,12,2
acc_2123,10,1
acc_2124,12,1
acc_2125,1,0
acc_2126,10,0
acc_2127,15,3
acc_2128,15,3
acc_2129,13,2
acc_2130,3,2
acc_2131,5,2
acc_2132,7,2
acc_2133,5,0
acc_2134,9,2
acc_2135,4,2
acc_2136,16,3
acc_2137,7,0
acc_2138,5,0
acc_2139,7,2
acc_2140,12,4
acc_2141,1,0
acc_2142,13,3
acc_2143,6,2
acc_2144,12,3
acc_2145,13,3
acc_2146,12,3
acc_2147,5,1
acc_2148,10,1
acc_2149,11,2
acc_2150,5,2
acc_2151,4,2
acc_2152,12,2
acc_2153,11,0
acc_2154,8,3
acc_2155,12,0
acc_2156,3,0
acc_2157,3,1
acc_2158,9,1
acc_2159,7,3
acc_2160,9,1
acc_2161,5,1
acc_2162,11,0
acc_2163,4,1
acc_2164,10,2
acc_2165,13,1
acc_2166,6,3
acc_2167,6,2
acc_2168,5,1
acc_2169,11,3
acc_2170,5,1
acc_2171,4,2
acc_2172,5,2
acc_2173,8,0
acc_2174,13,2
acc_2175,13,2
acc_2176,9,1
acc_2177,5,0
acc_2178,8,2
acc_2179,10,1
acc_2180,9,0
acc_2181,1,1
acc_2182,5,1
acc_2183,10,0
acc_2184,11,2
acc_2185,0,0
acc_2186,0,0
acc_2187,3,2
acc_2188,7,1
acc_2189,10,2
acc_2190,8,1
acc_2191,7,0
acc_2192,5,1
acc_2193,7,3
acc_2194,11,5
acc_2195,4,4
acc_2196,7,1
acc_2197,4,0
acc_2198,9,1
acc_2199,2,2
acc_2200,11,1
acc_2201,7,2
acc_2202,0,0
acc_2203,2,1
acc_2204,11,1
acc_2205,11,2
acc_2206,5,0
acc_2207,7,0
acc_2208,7,0
acc_2209,17,1
acc_2210,0,0
acc_2211,5,1
acc_2212,8,0
acc_2213,4,0
acc_2214,3,0
acc_2215,1,0
acc_2216,11,3
acc_2217,3,0
acc_2218,2,2
acc_2219,10,3
acc_2220,8,2
acc_2221,7,0
acc_2222,9,1
acc_2223,9,1
acc_2224,7,3
acc_2225,8,0
acc_2226,0,0
acc_2227,0,0
acc_2228,9,2
acc_2229,7,1
acc_2230,4,3
acc_2231,4,2
acc_2232,1,1
acc_2233,6,0
acc_2234,15,4
acc_2235,2,2
acc_2236,10,4
acc_2237,11,0
acc_2238,12,2
acc_2239,9,1
acc_2240,12,1
acc_2241,11,2
acc_2242,4,1
acc_2243,3,1
acc_2244,12,1
acc_2245,5,2
acc_2246,6,2
acc_2247,13,3
acc_2248,11,3
acc_2249,0,0
acc_2250,0,0
acc_2251,9,2
acc_2252,10,4
acc_2253,8,3
acc_2254,8,2
acc_2255,8,2
acc_2256,8,2
acc_2257,10,2
acc_2258,10,3
acc_2259,1,1
acc_2260,14,2
acc_2261,12,1
acc_2262,2,2
acc_2263,5,2
acc_2264,13,3
acc_2265,4,1
acc_2266,2,1
acc_2267,13,3
acc_2268,9,3
acc_2269,9,3
acc_2270,8,0
acc_2271,2,0
acc_2272,11,2
acc_2273,13,1
acc_2274,3,2
acc_2275,7,1
acc_2276,8,3
acc_2277,7,1
acc_2278,5,1
acc_2279,13,1
acc_2280,5,0
acc_2281,7,1
acc_2282,15,3
acc_2283,9,3
acc_2284,6,0
acc_2285,3,1
acc_2286,4,2
acc_2287,10,3
acc_2288,5,0
acc_2289,3,0
acc_2290,1,0
acc_2291,2,1
acc_2292,11,3
acc_2293,2,0
acc_2294,10,2
acc_2295,3,1
acc_2296,10,1
acc_2297,15,3
acc_2298,11,3
acc_2299,3,0
acc_2300,13,3
acc_2301,4,0
acc_2302,7,0
acc_2303,10,3
acc_2304,7,2
acc_2305,8,1
acc_2306,11,1
acc_2307,7,2
acc_2308,9,1
acc_2309,6,2
acc_2310,6,0
acc_2311,7,1
acc_2312,11,3
acc_2313,8,1
acc_2314,15,2
acc_2315,3,1
acc_2316,6,0
acc_2317,6,1
acc_2318,9,3
acc_2319,6,2
acc_2320,0,0
acc_2321,7,1
acc_2322,5,3
acc_2323,5,2
acc_2324,3,1
acc_2325,7,1
acc_2326,2,2
acc_2327,8,2
acc_2328,3,2
acc_2329,5,2
acc_2330,13,2
acc_2331,8,0
acc_2332,5,3
acc_2333,10,4
acc_2334,13,1
acc_2335,9,3
acc_2336,6,1
acc_2337,12,2
acc_2338,10,2
acc_2339,9,3
acc_2340,5,0
acc_2341,11,2
acc_2342,9,3
acc_2343,6,0
acc_2344,7,1
acc_2345,7,0
acc_2346,3,2
acc_2347,11,3
acc_2348,3,0
acc_2349,9,4
acc_2350,9,1
acc_2351,3,1
acc_2352,11,3
acc_2353,0,0
acc_2354,0,0
acc_2355,8,3
acc_2356,10,1
acc_2357,8,1
acc_2358,0,0
acc_2359,12,2
acc_2360,12,2
acc_2361,5,1
acc_2362,3,0
acc_2363,2,0
acc_2364,10,1
acc_2365,9,2
acc_2366,3,0
acc_2367,12,3
acc_2368,7,1
acc_2369,8,3
acc_2370,13,2
acc_2371,6,3
acc_2372,13,2
acc_2373,2,1
acc_2374,7,1
acc_2375,8,2
acc_2376,11,2
acc_2377,9,3
acc_2378,12,1
acc_2379,15,5
acc_2380,9,1
acc_2381,9,3
acc_2382,13,2
acc_2383,10,2
acc_2384,10,2
acc_2385,9,1
acc_2386,4,1
acc_2387,9,1
acc_2388,4,2
acc_2389,1,0
acc_2390,12,2
acc_2391,7,2
acc_2392,3,1
acc_2393,14,1
acc_2394,5,3
acc_2395,0,0
acc_2396,16,2
acc_2397,3,2
acc_2398,0,0
acc_2399,9,3
acc_2400,10,3
acc_2401,10,2
acc_2402,8,1
acc_2403,10,0
acc_2404,1,1
acc_2405,3,0
acc_2406,9,1
acc_2407,4,1
acc_2408,10,1
acc_2409,8,2
acc_2410,5,1
acc_2411,5,1
acc_2412,9,4
acc_2413,2,0
acc_2414,9,1
acc_2415,10,2
acc_2416,15,1
acc_2417,12,3
acc_2418,16,3
acc_2419,14,2
acc_2420,4,0
acc_2421,9,0
acc_2422,5,1
acc_2423,9,1
acc_2424,4,0
acc_2425,6,3
acc_2426,7,2
acc_2427,8,2
acc_2428,4,2
acc_2429,7,2
acc_2430,5,1
acc_2431,7,1
acc_2432,12,4
acc_2433,13,3
acc_2434,5,1
acc_2435,9,3
acc_2436,9,2
acc_2437,0,0
acc_2438,14,3
acc_2439,8,2
acc_2440,2,0
acc_2441,3,1
acc_2442,10,3
acc_2443,7,2
acc_2444,3,1
acc_2445,8,3
acc_2446,5,0
acc_2447,8,0
acc_2448,2,1
acc_2449,0,0
acc_2450,6,0
acc_2451,8,1
acc_2452,8,2
acc_2453,10,2
acc_2454,9,1
acc_2455,11,2
acc_2456,3,1
acc_2457,2,0
acc_2458,4,1
acc_2459,10,2
acc_2460,6,0
acc_2461,8,1
acc_2462,10,4
acc_2463,8,0
acc_2464,0,0
acc_2465,13,3
acc_2466,4,0
acc_2467,6,2
acc_2468,2,0
acc_2469,9,3
acc_2470,12,3
acc_2471,7,1
acc_2472,14,2
acc_2473,13,4
acc_2474,5,0
acc_2475,5,0
acc_2476,5,0
acc_2477,11,0
acc_2478,10,2
acc_2479,5,0
acc_2480,11,1
acc_2481,14,2
acc_2482,12,3
acc_2483,9,3
acc_2484,6,2
acc_2485,6,0
acc_2486,3,0
acc_2487,11,2
acc_2488,6,1
acc_2489,4,1
acc_2490,9,1
acc_2491,3,1
acc_2492,11,3
acc_2493,6,3
acc_2494,7,2
acc_2495,8,1
acc_2496,11,1
acc_2497,4,1
acc_2498,6,0
acc_2499,4,0
acc_2500,11,1
acc_2501,5,1
acc_2502,5,2
acc_2503,3,0
acc_2504,9,4
acc_2505,11,2
acc_2506,12,2
acc_2507,6,0
acc_2508,9,3
acc_2509,13,2
acc_2510,7,0
acc_2511,4,0
acc_2512,11,2
acc_2513,13,3
acc_2514,2,1
acc_2515,6,1
acc_2516,4,1
acc_2517,6,2
acc_2518,4,2
acc_2519,5,2
acc_2520,17,2
acc_2521,8,1
acc_2522,3,1
acc_2523,9,3
acc_2524,10,3
acc_2525,11,2
acc_2526,8,1
acc_2527,7,0
acc_2528,1,1
acc_2529,6,0
acc_2530,5,3
acc_2531,13,3
acc_2532,10,1
acc_2533,2,2
acc_2534,13,3
acc_2535,11,3
acc_2536,8,2
acc_2537,9,2
acc_2538,5,0
acc_2539,11,2
acc_2540,12,2
acc_2541,9,2
acc_2542,7,1
acc_2543,9,1
acc_2544,14,4
acc_2545,13,1
acc_2546,0,0
acc_2547,13,1
acc_2548,8,2
acc_2549,4,1
acc_2550,6,0
acc_2551,9,3
acc_2552,3,0
acc_2553,12,3
acc_2554,11,1
acc_2555,6,3
acc_2556,10,0
acc_2557,7,1
acc_2558,9,1
acc_2559,2,1
acc_2560,4,1
acc_2561,6,1
acc_2562,0,0
acc_2563,8,0
acc_2564,1,0
acc_2565,2,0
acc_2566,5,0
acc_2567,9,2
acc_2568,15,1
acc_2569,11,3
acc_2570,10,4
acc_2571,4,2
acc_2572,7,1
acc_2573,7,4
acc_2574,6,0
acc_2575,10,1
acc_2576,4,2
acc_2577,8,3
acc_2578,11,1
acc_2579,12,2
acc_2580,0,0
acc_2581,5,1
acc_2582,2,0
acc_2583,1,1
acc_2584,6,1
acc_2585,3,2
acc_2586,2,1
acc_2587,8,2
acc_2588,7,0
acc_2589,10,3
acc_2590,3,2
acc_2591,0,0
acc_2592,7,3
acc_2593,10,1
acc_2594,3,0
acc_2595,13,3
acc_2596,10,2
acc_2597,2,1
acc_2598,9,4
acc_2599,10,1
acc_2600,13,2
acc_2601,5,1
acc_2602,6,0
acc_2603,6,3
acc_2604,4,0
acc_2605,9,1
acc_2606,11,0
acc_2607,11,3
acc_2608,11,2
acc_2609,6,2
acc_2610,12,2
acc_2611,9,3
acc_2612,3,3
acc_2613,12,1
acc_2614,11,1
acc_2615,7,1
acc_2616,10,1
acc_2617,10,2
acc_2618,7,0
acc_2619,9,3
acc_2620,1,0
acc_2621,6,2
acc_2622,4,1
acc_2623,10,0
acc_2624,12,3
acc_2625,7,0
acc_2626,4,0
acc_2627,13,2
acc_2628,4,1
acc_2629,2,0
acc_2630,12,2
acc_2631,8,1
acc_2632,2,0
acc_2633,13,0
acc_2634,5,1
acc_2635,15,3
acc_2636,6,0
acc_2637,12,1
acc_2638,6,2
acc_2639,4,2
acc_2640,4,1
acc_2641,13,1
acc_2642,12,2
acc_2643,4,2
acc_2644,0,0
acc_2645,7,1
acc_2646,1,0
acc_2647,3,0
acc_2648,17,4
acc_2649,12,3
acc_2650,9,0
acc_2651,7,1
acc_2652,12,4
acc_2653,7,2
acc_2654,3,2
acc_2655,9,1
acc_2656,9,2
acc_2657,5,3
acc_2658,5,1
acc_2659,8,1
acc_2660,3,2
acc_2661,11,2
acc_2662,7,2
acc_2663,10,2
acc_2664,10,2
acc_2665,5,1
acc_2666,0,0
acc_2667,10,3
acc_2668,6,1
acc_2669,14,3
acc_2670,16,2
acc_2671,11,1
acc_2672,4,1
acc_2673,6,2
acc_2674,8,1
acc_2675,11,3
acc_2676,5,0
acc_2677,8,2
acc_2678,10,2
acc_2679,11,2
acc_2680,11,3
acc_2681,3,2
acc_2682,7,0
acc_2683,8,0
acc_2684,5,1
acc_2685,2,0
acc_2686,9,2
acc_2687,7,4
acc_2688,2,2
acc_2689,8,0
acc_2690,1,1
acc_2691,6,2
acc_2692,7,1
acc_2693,12,1
acc_2694,7,3
acc_2695,3,2
acc_2696,7,1
acc_2697,4,2
acc_2698,7,0
acc_2699,6,0
acc_2700,10,2
acc_2701,1,1
acc_2702,13,2
acc_2703,16,4
acc_2704,11,2
acc_2705,4,2
acc_2706,13,3
acc_2707,6,4
acc_2708,12,0
acc_2709,5,0
acc_2710,6,1
acc_2711,2,2
acc_2712,14,4
acc_2713,11,2
acc_2714,6,1
acc_2715,9,3
acc_2716,7,2
acc_2717,1,1
acc_2718,7,0
acc_2719,9,3
acc_2720,12,2
acc_2721,9,4
acc_2722,4,0
acc_2723,12,3
acc_2724,9,3
acc_2725,3,0
acc_2726,0,0
acc_2727,10,2
acc_2728,6,0
acc_2729,9,2
acc_2730,6,2
acc_2731,10,1
acc_2732,7,1
acc_2733,9,2
acc_2734,2,1
acc_2735,11,3
acc_2736,0,0
acc_2737,10,2
acc_2738,7,1
acc_2739,8,0
acc_2740,6,1
acc_2741,13,1
acc_2742,3,0
acc_2743,8,0
acc_2744,4,1
acc_2745,10,3
acc_2746,10,3
acc_2747,13,3
acc_2748,5,0
acc_2749,11,1
acc_2750,7,0
acc_2751,2,2
acc_2752,12,2
acc_2753,3,0
acc_2754,4,1
acc_2755,0,0
acc_2756,8,3
acc_2757,9,1
acc_2758,7,1
acc_2759,9,3
acc_2760,13,0
acc_2761,5,0
acc_2762,7,1
acc_2763,10,2
acc_2764,7,2
acc_2765,1,1
acc_2766,8,2
acc_2767,9,3
acc_2768,6,4
acc_2769,13,0
acc_2770,6,1
acc_2771,11,3
acc_2772,15,2
acc_2773,9,2
acc_2774,11,1
acc_2775,14,2
acc_2776,9,1
acc_2777,17,0
acc_2778,8,2
acc_2779,12,3
acc_2780,7,1
acc_2781,7,1
acc_2782,2,0
acc_2783,6,2
acc_2784,1,0
acc_2785,5,3
acc_2786,5,1
acc_2787,7,0
acc_2788,12,2
acc_2789,10,3
acc_2790,9,4
acc_2791,5,0
acc_2792,0,0
acc_2793,6,0
acc_2794,4,0
acc_2795,2,1
acc_2796,9,2
acc_2797,12,1
acc_2798,14,3
acc_2799,8,2
acc_2800,7,2
acc_2801,5,0
acc_2802,7,1
acc_2803,17,3
acc_2804,6,2
acc_2805,15,2
acc_2806,8,1
acc_2807,9,3
acc_2808,5,0
acc_2809,15,3
acc_2810,12,4
acc_2811,8,2
acc_2812,11,3
acc_2813,4,0
acc_2814,9,1
acc_2815,9,1
acc_2816,3,0
acc_2817,2,0
acc_2818,11,2
acc_2819,11,1
acc_2820,9,2
acc_2821,9,2
acc_2822,11,0
acc_2823,8,3
acc_2824,4,1
acc_2825,6,1
acc_2826,8,3
acc_2827,14,3
acc_2828,7,2
acc_2829,3,1
acc_2830,11,2
acc_2831,7,2
acc_2832,11,1
acc_2833,7,2
acc_2834,13,2
acc_2835,4,1
acc_2836,9,0
acc_2837,6,0
acc_2838,14,2
acc_2839,8,0
acc_2840,5,2
acc_2841,15,4
acc_2842,9,2
acc_2843,5,1
acc_2844,6,1
acc_2845,17,2
acc_2846,10,1
acc_2847,3,1
acc_2848,8,1
acc_2849,12,2
acc_2850,4,2
acc_2851,3,2
acc_2852,4,1
acc_2853,6,2
acc_2854,10,1
acc_2855,14,1
acc_2856,3,0
acc_2857,8,1
acc_2858,7,0
acc_2859,13,2
acc_2860,6,1
acc_2861,9,1
acc_2862,3,0
acc_2863,13,2
acc_2864,17,3
acc_2865,8,1
acc_2866,6,2
acc_2867,2,1
acc_2868,6,2
acc_2869,13,3
acc_2870,2,2
acc_2871,8,4
acc_2872,11,0
acc_2873,4,2
acc_2874,3,0
acc_2875,8,3
acc_2876,10,2
acc_2877,13,3
acc_2878,1,1
acc_2879,8,2
acc_2880,6,2
acc_2881,7,2
acc_2882,2,2
acc_2883,8,2
acc_2884,9,0
acc_2885,5,2
acc_2886,13,1
acc_2887,12,2
acc_2888,13,2
acc_2889,4,1
acc_2890,1,1
acc_2891,3,0
acc_2892,3,1
acc_2893,6,1
acc_2894,4,3
acc_2895,12,0
acc_2896,2,1
acc_2897,5,2
acc_2898,5,1
acc_2899,8,1
acc_2900,10,3
acc_2901,10,3
acc_2902,9,1
acc_2903,7,0
acc_2904,3,1
acc_2905,8,2
acc_2906,1,1
acc_2907,9,3
acc_2908,5,1
acc_2909,9,4
acc_2910,1,1
acc_2911,10,2
acc_2912,7,4
acc_2913,7,2
acc_2914,12,0
acc_2915,8,2
acc_2916,8,2
acc_2917,11,2
acc_2918,14,2
acc_2919,14,3
acc_2920,4,1
acc_2921,6,1
acc_2922,11,2
acc_2923,2,0
acc_2924,5,1
acc_2925,0,0
acc_2926,14,3
acc_2927,4,1
acc_2928,7,2
acc_2929,2,1
acc_2930,3,0
acc_2931,5,2
acc_2932,13,3
acc_2933,7,1
acc_2934,6,2
acc_2935,11,1
acc_2936,13,2
acc_2937,12,3
acc_2938,12,3
acc_2939,7,2
acc_2940,3,0
acc_2941,3,0
acc_2942,2,0
acc_2943,6,1
acc_2944,12,1
acc_2945,6,2
acc_2946,6,2
acc_2947,12,2
acc_2948,11,2
acc_2949,5,0
acc_2950,10,2
acc_2951,11,3
acc_2952,14,3
acc_2953,9,3
acc_2954,12,2
acc_2955,9,2
acc_2956,7,1
acc_2957,2,1
acc_2958,2,1
acc_2959,6,0
acc_2960,17,3
acc_2961,3,1
acc_2962,11,4
acc_2963,13,2
acc_2964,4,0
acc_2965,8,0
acc_2966,0,0
acc_2967,0,0
acc_2968,12,4
acc_2969,4,0
acc_2970,8,2
acc_2971,12,0
acc_2972,4,1
acc_2973,7,2
acc_2974,9,1
acc_2975,14,1
acc_2976,13,2
acc_2977,13,1
acc_2978,3,0
acc_2979,10,1
acc_2980,3,0
acc_2981,8,0
acc_2982,11,2
acc_2983,13,2
acc_2984,10,2
acc_2985,8,1
acc_2986,3,0
acc_2987,6,0
acc_2988,9,2
acc_2989,6,1
acc_2990,6,0
acc_2991,5,0
acc_2992,2,0
acc_2993,5,0
acc_2994,7,0
acc_2995,2,0
acc_2996,5,0
acc_2997,4,0
acc_2998,15,4
acc_2999,6,1
acc_3000,7,2
acc_3001,5,2
acc_3002,0,0
acc_3003,7,1
acc_3004,9,0
acc_3005,6,2
acc_3006,6,2
acc_3007,1,0
acc_3008,13,3
acc_3009,0,0
acc_3010,3,1
acc_3011,8,0
acc_3012,8,2
acc_3013,10,4
acc_3014,8,1
acc_3015,8,2
acc_3016,4,1
acc_3017,13,2
acc_3018,6,1
acc_3019,6,2
acc_3020,14,3
acc_3021,7,2
acc_3022,12,4
acc_3023,7,3
acc_3024,5,0
acc_3025,1,1
acc_3026,6,2
acc_3027,10,3
acc_3028,7,1
acc_3029,5,1
acc_3030,5,0
acc_3031,7,2
acc_3032,7,3
acc_3033,10,2
acc_3034,6,0
acc_3035,4,0
acc_3036,9,1
acc_3037,12,4
acc_3038,12,1
acc_3039,14,2
acc_3040,12,2
acc_3041,17,5
acc_3042,11,3
acc_3043,12,3
acc_3044,11,2
acc_3045,7,1
acc_3046,10,2
acc_3047,8,4
acc_3048,12,1
acc_3049,0,0
acc_3050,5,1
acc_3051,8,4
acc_3052,10,2
acc_3053,1,0
acc_3054,9,2
acc_3055,11,1
acc_3056,4,0
acc_3057,3,0
acc_3058,1,0
acc_3059,1,1
acc_3060,3,0
acc_3061,4,0
acc_3062,14,4
acc_3063,11,2
acc_3064,4,1
acc_3065,7,3
acc_3066,6,2
acc_3067,5,3
acc_3068,5,0
acc_3069,13,3
acc_3070,7,2
acc_3071,6,2
acc_3072,8,3
acc_3073,10,1
acc_3074,7,4
acc_3075,4,0
acc_3076,3,0
acc_3077,11,3
acc_3078,7,2
acc_3079,6,2
acc_3080,15,3
acc_3081,10,2
acc_3082,4,1
acc_3083,4,1
acc_3084,10,4
acc_3085,11,2
acc_3086,8,2
acc_3087,5,2
acc_3088,10,3
acc_3089,1,0
acc_3090,11,2
acc_3091,3,0
acc_3092,7,2
acc_3093,10,0
acc_3094,3,1
acc_3095,4,2
acc_3096,13,4
acc_3097,7,0
acc_3098,8,2
acc_3099,0,0
acc_3100,11,1
acc_3101,9,1
acc_3102,13,1
acc_3103,8,2
acc_3104,14,3
acc_3105,12,3
acc_3106,12,2
acc_3107,5,3
acc_3108,8,1
acc_3109,6,1
acc_3110,8,0
acc_3111,2,1
acc_3112,14,4
acc_3113,9,3
acc_3114,8,1
acc_3115,8,1
acc_3116,12,2
acc_3117,6,1
acc_3118,9,2
acc_3119,11,4
acc_3120,12,1
acc_3121,9,4
acc_3122,8,1
acc_3123,9,2
acc_3124,3,1
acc_3125,5,0
acc_3126,12,2
acc_3127,10,0
acc_3128,6,2
acc_3129,6,1
acc_3130,11,1
acc_3131,9,2
acc_3132,10,1
acc_3133,6,1
acc_3134,6,1
acc_3135,10,2
acc_3136,8,2
acc_3137,4,2
acc_3138,9,2
acc_3139,2,1
acc_3140,3,1
acc_3141,3,3
acc_3142,2,1
acc_3143,4,0
acc_3144,9,0
acc_3145,12,3
acc_3146,0,0
acc_3147,14,2
acc_3148,9,2
acc_3149,4,1
acc_3150,4,0
acc_3151,6,3
acc_3152,7,3
acc_3153,10,3
acc_3154,4,1
acc_3155,6,2
acc_3156,10,2
acc_3157,11,1
acc_3158,1,1
acc_3159,4,1
acc_3160,7,0
acc_3161,8,0
acc_3162,3,0
acc_3163,2,2
acc_3164,5,0
acc_3165,10,3
acc_3166,9,3
acc_3167,10,3
acc_3168,0,0
acc_3169,6,1
acc_3170,3,0
acc_3171,0,0
acc_3172,7,0
acc_3173,13,2
acc_3174,6,1
acc_3175,3,0
acc_3176,12,2
acc_3177,6,2
acc_3178,3,1
acc_3179,12,0
acc_3180,9,1
acc_3181,7,1
acc_3182,10,1
acc_3183,1,1
acc_3184,4,1
acc_3185,3,3
acc_3186,12,2
acc_3187,6,1
acc_3188,14,1
acc_3189,15,3
acc_3190,0,0
acc_3191,10,3
acc_3192,7,1
acc_3193,7,2
acc_3194,13,2
acc_3195,10,2
acc_3196,13,2
acc_3197,13,3
acc_3198,0,0
acc_3199,9,1
acc_3200,14,3
acc_3201,6,0
acc_3202,4,1
acc_3203,5,1
acc_3204,15,2
acc_3205,10,3
acc_3206,2,1
acc_3207,6,1
acc_3208,10,3
acc_3209,9,0
acc_3210,10,2
acc_3211,3,2
acc_3212,5,1
acc_3213,9,2
acc_3214,0,0
acc_3215,0,0
acc_3216,12,2
acc_3217,12,2
acc_3218,12,4
acc_3219,1,1
acc_3220,3,2
acc_3221,8,2
acc_3222,11,1
acc_3223,8,2
acc_3224,10,1
acc_3225,9,2
acc_3226,14,2
acc_3227,11,2
acc_3228,9,3
acc_3229,4,0
acc_3230,10,2
acc_3231,6,1
acc_3232,4,0
acc_3233,5,1
acc_3234,8,1
acc_3235,3,0
acc_3236,6,1
acc_3237,11,2
acc_3238,11,2
acc_3239,10,1
acc_3240,2,2
acc_3241,10,2
acc_3242,13,2
acc_3243,15,1
acc_3244,2,0
acc_3245,11,1
acc_3246,9,0
acc_3247,13,1
acc_3248,10,3
acc_3249,13,2
acc_3250,11,3
acc_3251,5,1
acc_3252,9,2
acc_3253,13,3
acc_3254,11,2
acc_3255,8,3
acc_3256,9,2
acc_3257,10,0
acc_3258,9,1
acc_3259,3,0
acc_3260,11,3
acc_3261,5,0
acc_3262,6,2
acc_3263,4,1
acc_3264,12,3
acc_3265,13,0
acc_3266,9,0
acc_3267,5,3
acc_3268,0,0
acc_3269,7,0
acc_3270,8,2
acc_3271,8,4
acc_3272,11,3
acc_3273,3,1
acc_3274,5,0
acc_3275,11,2
acc_3276,8,0
acc_3277,10,0
acc_3278,0,0
acc_3279,6,3
acc_3280,13,3
acc_3281,2,2
acc_3282,5,0
acc_3283,10,2
acc_3284,3,0
acc_3285,9,0
acc_3286,14,3
acc_3287,7,1
acc_3288,11,2
acc_3289,11,1
acc_3290,12,2
acc_3291,10,2
acc_3292,10,1
acc_3293,8,2
acc_3294,3,0
acc_3295,14,1
acc_3296,3,3
acc_3297,11,3
acc_3298,5,1
acc_3299,8,3
acc_3300,9,1
acc_3301,11,3
acc_3302,11,4
acc_3303,12,2
acc_3304,8,1
acc_3305,4,0
acc_3306,1,1
acc_3307,13,2
acc_3308,9,3
acc_3309,9,2
acc_3310,12,2
acc_3311,6,1
acc_3312,5,2
acc_3313,0,0
acc_3314,3,3
acc_3315,9,1
acc_3316,2,0
acc_3317,8,1
acc_3318,4,1
acc_3319,7,2
acc_3320,6,1
acc_3321,6,1
acc_3322,6,0
acc_3323,9,2
acc_3324,12,2
acc_3325,16,4
acc_3326,9,3
acc_3327,8,1
acc_3328,2,1
acc_3329,2,2
acc_3330,1,0
acc_3331,12,3
acc_3332,8,0
acc_3333,0,0
acc_3334,11,1
acc_3335,7,0
acc_3336,1,1
acc_3337,4,0
acc_3338,5,1
acc_3339,9,3
acc_3340,13,2
acc_3341,7,2
acc_3342,1,0
acc_3343,11,1
acc_3344,12,3
acc_3345,2,2
acc_3346,11,0
acc_3347,12,4
acc_3348,4,0
acc_3349,5,1
acc_3350,6,0
acc_3351,10,2
acc_3352,3,2
acc_3353,15,4
acc_3354,3,0
acc_3355,6,0
acc_3356,6,4
acc_3357,1,0
acc_3358,6,2
acc_3359,10,2
acc_3360,0,0
acc_3361,9,0
acc_3362,5,1
acc_3363,5,3
acc_3364,12,2
acc_3365,4,0
acc_3366,0,0
acc_3367,5,1
acc_3368,13,3
acc_3369,2,2
acc_3370,7,1
acc_3371,6,2
acc_3372,8,0
acc_3373,12,1
acc_3374,6,1
acc_3375,2,1
acc_3376,14,2
acc_3377,5,1
acc_3378,9,1
acc_3379,4,1
acc_3380,0,0
acc_3381,9,0
acc_3382,10,0
acc_3383,5,3
acc_3384,5,1
acc_3385,16,2
acc_3386,8,3
acc_3387,5,1
acc_3388,3,2
acc_3389,10,1
acc_3390,12,4
acc_3391,6,1
acc_3392,10,2
acc_3393,10,1
acc_3394,0,0
acc_3395,2,1
acc_3396,13,0
acc_3397,8,1
acc_3398,4,1
acc_3399,7,1
acc_3400,9,2
acc_3401,17,2
acc_3402,4,3
acc_3403,9,2
acc_3404,4,1
acc_3405,11,1
acc_3406,9,1
acc_3407,10,3
acc_3408,18,3
acc_3409,11,0
acc_3410,13,4
acc_3411,3,0
acc_3412,2,1
acc_3413,2,2
acc_3414,4,1
acc_3415,13,2
acc_3416,5,0
acc_3417,9,3
acc_3418,7,3
acc_3419,5,1
acc_3420,2,0
acc_3421,11,3
acc_3422,11,1
acc_3423,11,2
acc_3424,8,1
acc_3425,11,2
acc_3426,0,0
acc_3427,9,0
acc_3428,5,0
acc_3429,12,1
acc_3430,2,1
acc_3431,18,4
acc_3432,13,1
acc_3433,3,1
acc_3434,4,1
acc_3435,0,0
acc_3436,9,2
acc_3437,8,0
acc_3438,9,1
acc_3439,11,1
acc_3440,11,3
acc_3441,7,3
acc_3442,8,1
acc_3443,8,2
acc_3444,1,1
acc_3445,4,1
acc_3446,13,3
acc_3447,6,2
acc_3448,8,1
acc_3449,11,3
acc_3450,3,1
acc_3451,13,1
acc_3452,9,1
acc_3453,5,0
acc_3454,12,4
acc_3455,9,3
acc_3456,12,3
acc_3457,5,1
acc_3458,13,2
acc_3459,12,3
acc_3460,10,0
acc_3461,9,1
acc_3462,9,2
acc_3463,6,1
acc_3464,9,1
acc_3465,10,3
acc_3466,10,1
acc_3467,12,5
acc_3468,2,2
acc_3469,5,1
acc_3470,9,4
acc_3471,9,2
acc_3472,11,1
acc_3473,9,3
acc_3474,10,2
acc_3475,3,0
acc_3476,9,2
acc_3477,8,3
acc_3478,5,1
acc_3479,0,0
acc_3480,4,1
acc_3481,5,1
acc_3482,3,0
acc_3483,12,1
acc_3484,13,2
acc_3485,6,1
acc_3486,4,2
acc_3487,13,2
acc_3488,5,3
acc_3489,4,0
acc_3490,9,2
acc_3491,1,1
acc_3492,12,2
acc_3493,7,2
acc_3494,11,2
acc_3495,6,2
acc_3496,6,0
acc_3497,14,1
acc_3498,7,2
acc_3499,11,0
acc_3500,9,2
acc_3501,8,3
acc_3502,12,3
acc_3503,13,5
acc_3504,9,2
acc_3505,4,1
acc_3506,9,1
acc_3507,6,0
acc_3508,9,2
acc_3509,11,1
acc_3510,2,1
acc_3511,0,0
acc_3512,11,1
acc_3513,8,1
acc_3514,3,1
acc_3515,13,2
acc_3516,4,0
acc_3517,5,1
acc_3518,6,1
acc_3519,0,0
acc_3520,7,3
acc_3521,7,2
acc_3522,6,0
acc_3523,5,0
acc_3524,6,3
acc_3525,11,4
acc_3526,9,2
acc_3527,8,2
acc_3528,8,1
acc_3529,11,2
acc_3530,3,0
acc_3531,14,2
acc_3532,0,0
acc_3533,7,1
acc_3534,2,0
acc_3535,7,1
acc_3536,10,3
acc_3537,12,3
acc_3538,10,2
acc_3539,0,0
acc_3540,11,4
acc_3541,11,3
acc_3542,4,0
acc_3543,14,2
acc_3544,8,1
acc_3545,8,2
acc_3546,12,1
acc_3547,1,1
acc_3548,10,2
acc_3549,11,3
acc_3550,1,0
acc_3551,0,0
acc_3552,6,4
acc_3553,0,0
acc_3554,11,4
acc_3555,11,3
acc_3556,3,1
acc_3557,4,1
acc_3558,5,2
acc_3559,12,3
acc_3560,12,3
acc_3561,5,2
acc_3562,5,2
acc_3563,8,3
acc_3564,8,1
acc_3565,4,1
acc_3566,8,1
acc_3567,2,0
acc_3568,2,1
acc_3569,16,2
acc_3570,3,3
acc_3571,7,0
acc_3572,4,0
acc_3573,0,0
acc_3574,9,2
acc_3575,7,2
acc_3576,11,1
acc_3577,5,0
acc_3578,13,1
acc_3579,15,3
acc_3580,5,1
acc_3581,5,0
acc_3582,11,0
acc_3583,14,4
acc_3584,5,1
acc_3585,4,3
acc_3586,13,3
acc_3587,9,4
acc_3588,4,1
acc_3589,7,0
acc_3590,15,3
acc_3591,5,2
acc_3592,10,2
acc_3593,9,3
acc_3594,16,5
acc_3595,11,2
acc_3596,7,1
acc_3597,9,1
acc_3598,1,0
acc_3599,11,2
acc_3600,8,2
acc_3601,5,2
acc_3602,14,2
acc_3603,9,2
acc_3604,10,1
acc_3605,10,3
acc_3606,9,1
acc_3607,7,1
acc_3608,2,0
acc_3609,4,0
acc_3610,0,0
acc_3611,3,1
acc_3612,7,0
acc_3613,6,0
acc_3614,1,1
acc_3615,9,1
acc_3616,10,0
acc_3617,9,0
acc_3618,9,1
acc_3619,10,1
acc_3620,13,2
acc_3621,7,0
acc_3622,14,3
acc_3623,6,3
acc_3624,6,3
acc_3625,9,2
acc_3626,12,3
acc_3627,12,2
acc_3628,8,3
acc_3629,10,2
acc_3630,3,0
acc_3631,8,1
acc_3632,15,2
acc_3633,9,1
acc_3634,12,3
acc_3635,5,1
acc_3636,13,1
acc_3637,8,2
acc_3638,6,3
acc_3639,6,0
acc_3640,6,3
acc_3641,8,3
acc_3642,6,1
acc_3643,6,2
acc_3644,5,0
acc_3645,3,0
acc_3646,11,1
acc_3647,7,0
acc_3648,14,3
acc_3649,6,1
acc_3650,14,1
acc_3651,8,0
acc_3652,6,1
acc_3653,6,1
acc_3654,4,3
acc_3655,8,2
acc_3656,10,2
acc_3657,7,3
acc_3658,7,1
acc_3659,5,3
acc_3660,3,0
acc_3661,6,1
acc_3662,14,2
acc_3663,2,1
acc_3664,14,3
acc_3665,8,2
acc_3666,5,1
acc_3667,12,2
acc_3668,9,0
acc_3669,6,2
acc_3670,5,2
acc_3671,7,2
acc_3672,6,2
acc_3673,7,0
acc_3674,8,4
acc_3675,2,1
acc_3676,9,0
acc_3677,7,2
acc_3678,4,1
acc_3679,12,4
acc_3680,6,3
acc_3681,7,3
acc_3682,8,3
acc_3683,14,3
acc_3684,5,0
acc_3685,8,1
acc_3686,1,1
acc_3687,4,0
acc_3688,7,2
acc_3689,10,2
acc_3690,16,3
acc_3691,10,2
acc_3692,6,3
acc_3693,14,3
acc_3694,3,2
acc_3695,0,0
acc_3696,4,1
acc_3697,8,1
acc_3698,12,4
acc_3699,7,2
acc_3700,8,2
acc_3701,10,3
acc_3702,6,0
acc_3703,5,1
acc_3704,0,0
acc_3705,0,0
acc_3706,5,1
acc_3707,8,2
acc_3708,12,1
acc_3709,2,1
acc_3710,7,2
acc_3711,13,3
acc_3712,11,3
acc_3713,8,2
acc_3714,10,2
acc_3715,10,4
acc_3716,9,2
acc_3717,9,0
acc_3718,4,1
acc_3719,3,1
acc_3720,6,1
acc_3721,12,3
acc_3722,8,0
acc_3723,7,2
acc_3724,0,0
acc_3725,4,0
acc_3726,12,2
acc_3727,12,2
acc_3728,5,3
acc_3729,5,0
acc_3730,11,3
acc_3731,10,3
acc_3732,16,2
acc_3733,11,3
acc_3734,6,0
acc_3735,5,2
acc_3736,16,5
acc_3737,9,2
acc_3738,13,3
acc_3739,13,2
acc_3740,5,3
acc_3741,7,3
acc_3742,16,2
acc_3743,8,3
acc_3744,10,2
acc_3745,17,3
acc_3746,10,1
acc_3747,9,0
acc_3748,2,0
acc_3749,1,0
acc_3750,11,2
acc_3751,5,1
acc_3752,7,1
acc_3753,4,0
acc_3754,3,2
acc_3755,3,1
acc_3756,7,0
acc_3757,1,1
acc_3758,11,1
acc_3759,9,2
acc_3760,6,1
acc_3761,8,3
acc_3762,6,1
acc_3763,11,2
acc_3764,5,1
acc_3765,9,2
acc_3766,1,1
acc_3767,3,1
acc_3768,18,3
acc_3769,10,1
acc_3770,9,3
acc_3771,0,0
acc_3772,3,0
acc_3773,9,1
acc_3774,3,2
acc_3775,14,3
acc_3776,11,2
acc_3777,5,0
acc_3778,0,0
acc_3779,14,4
acc_3780,6,1
acc_3781,7,1
acc_3782,14,2
acc_3783,3,0
acc_3784,6,0
acc_3785,8,0
acc_3786,8,1
acc_3787,6,1
acc_3788,11,2
acc_3789,8,2
acc_3790,3,3
acc_3791,9,5
acc_3792,5,1
acc_3793,9,3
acc_3794,7,2
acc_3795,9,3
acc_3796,12,3
acc_3797,9,1
acc_3798,9,3
acc_3799,11,4
acc_3800,5,2
acc_3801,14,3
acc_3802,6,2
acc_3803,4,1
acc_3804,10,3
acc_3805,4,1
acc_3806,13,2
acc_3807,9,2
acc_3808,3,1
acc_3809,9,3
acc_3810,3,2
acc_3811,12,2
acc_3812,5,1
acc_3813,13,2
acc_3814,12,3
acc_3815,13,3
acc_3816,6,1
acc_3817,10,1
acc_3818,5,0
acc_3819,14,4
acc_3820,6,2
acc_3821,6,4
acc_3822,5,1
acc_3823,10,3
acc_3824,13,3
acc_3825,6,1
acc_3826,8,1
acc_3827,6,0
acc_3828,11,4
acc_3829,5,1
acc_3830,9,4
acc_3831,6,1
acc_3832,5,2
acc_3833,5,2
acc_3834,4,1
acc_3835,6,1
acc_3836,7,1
acc_3837,1,0
acc_3838,11,3
acc_3839,4,2
acc_3840,8,1
acc_3841,5,0
acc_3842,12,2
acc_3843,10,2
acc_3844,5,1
acc_3845,6,0
acc_3846,1,1
acc_3847,10,0
acc_3848,3,1
acc_3849,9,2
acc_3850,3,1
acc_3851,11,2
acc_3852,0,0
acc_3853,13,1
acc_3854,4,1
acc_3855,11,2
acc_3856,2,0
acc_3857,9,3
acc_3858,4,2
acc_3859,2,0
acc_3860,6,0
acc_3861,10,3
acc_3862,7,2
acc_3863,12,2
acc_3864,14,2
acc_3865,1,1
acc_3866,8,3
acc_3867,11,1
acc_3868,1,0
acc_3869,13,4
acc_3870,13,3
acc_3871,13,4
acc_3872,10,3
acc_3873,3,1
acc_3874,9,1
acc_3875,5,0
acc_3876,1,1
acc_3877,14,1
acc_3878,13,3
acc_3879,5,2
acc_3880,6,3
acc_3881,3,1
acc_3882,3,1
acc_3883,0,0
acc_3884,7,1
acc_3885,6,0
acc_3886,9,2
acc_3887,2,1
acc_3888,8,1
acc_3889,4,2
acc_3890,1,1
acc_3891,10,2
acc_3892,7,2
acc_3893,13,2
acc_3894,11,3
acc_3895,12,4
acc_3896,3,0
acc_3897,10,1
acc_3898,8,3
acc_3899,7,3
acc_3900,6,0
acc_3901,3,2
acc_3902,9,0
acc_3903,5,2
acc_3904,1,1
acc_3905,10,1
acc_3906,9,1
acc_3907,6,1
acc_3908,4,1
acc_3909,11,4
acc_3910,1,1
acc_3911,5,2
acc_3912,6,1
acc_3913,12,3
acc_3914,6,1
acc_3915,4,0
acc_3916,9,1
acc_3917,11,3
acc_3918,11,2
acc_3919,9,1
acc_3920,9,2
acc_3921,11,2
acc_3922,10,1
acc_3923,8,1
acc_3924,2,1
acc_3925,6,2
acc_3926,14,3
acc_3927,13,2
acc_3928,8,1
acc_3929,3,0
acc_3930,3,0
acc_3931,8,2
acc_3932,12,1
acc_3933,8,4
acc_3934,6,2
acc_3935,9,2
acc_3936,0,0
acc_3937,11,0
acc_3938,15,1
acc_3939,8,3
acc_3940,5,3
acc_3941,6,0
acc_3942,9,2
acc_3943,3,2
acc_3944,2,0
acc_3945,7,4
acc_3946,10,3
acc_3947,9,2
acc_3948,13,3
acc_3949,2,0
acc_3950,5,1
acc_3951,13,3
acc_3952,4,2
acc_3953,12,2
acc_3954,2,0
acc_3955,3,1
acc_3956,4,0
acc_3957,7,0
acc_3958,4,0
acc_3959,9,3
acc_3960,4,0
acc_3961,8,0
acc_3962,7,2
acc_3963,2,0
acc_3964,7,0
acc_3965,14,3
acc_3966,11,2
acc_3967,15,2
acc_3968,12,2
acc_3969,3,2
acc_3970,0,0
acc_3971,7,1
acc_3972,7,0
acc_3973,3,1
acc_3974,3,1
acc_3975,12,3
acc_3976,6,1
acc_3977,5,1
acc_3978,11,0
acc_3979,8,3
acc_3980,9,3
acc_3981,2,0
acc_3982,9,2
acc_3983,8,1
acc_3984,2,0
acc_3985,6,2
acc_3986,2,1
acc_3987,9,2
acc_3988,9,2
acc_3989,7,3
acc_3990,9,1
acc_3991,6,2
acc_3992,8,4
acc_3993,9,0
acc_3994,11,2
acc_3995,7,2
acc_3996,5,0
acc_3997,5,1
acc_3998,12,4
acc_3999,7,0
acc_4000,5,0
acc_4001,4,2
acc_4002,13,2
acc_4003,6,1
acc_4004,4,0
acc_4005,15,2
acc_4006,5,2
acc_4007,7,2
acc_4008,8,2
acc_4009,8,1
acc_4010,2,1
acc_4011,0,0
acc_4012,14,2
acc_4013,9,3
acc_4014,8,0
acc_4015,6,1
acc_4016,12,3
acc_4017,9,2
acc_4018,7,1
acc_4019,4,0
acc_4020,6,2
acc_4021,6,1
acc_4022,8,4
acc_4023,7,0
acc_4024,2,0
acc_4025,6,1
acc_4026,12,2
acc_4027,3,0
acc_4028,5,3
acc_4029,5,2
acc_4030,9,3
acc_4031,7,0
acc_4032,3,0
acc_4033,9,2
acc_4034,8,1
acc_4035,6,2
acc_4036,0,0
acc_4037,3,2
acc_4038,6,1
acc_4039,13,4
acc_4040,8,3
acc_4041,7,1
acc_4042,9,2
acc_4043,16,3
acc_4044,8,2
acc_4045,11,1
acc_4046,4,1
acc_4047,9,3
acc_4048,8,2
acc_4049,14,2
acc_4050,0,0
acc_4051,2,2
acc_4052,9,2
acc_4053,6,0
acc_4054,6,1
acc_4055,2,0
acc_4056,6,0
acc_4057,9,2
acc_4058,9,1
acc_4059,13,2
acc_4060,9,2
acc_4061,7,0
acc_4062,12,0
acc_4063,13,4
acc_4064,8,3
acc_4065,15,2
acc_4066,4,1
acc_4067,4,1
acc_4068,9,5
acc_4069,9,2
acc_4070,8,4
acc_4071,7,4
acc_4072,8,2
acc_4073,7,1
acc_4074,6,1
acc_4075,8,1
acc_4076,11,3
acc_4077,4,2
acc_4078,8,1
acc_4079,6,4
acc_4080,5,0
acc_4081,11,0
acc_4082,9,2
acc_4083,14,2
acc_4084,12,2
acc_4085,10,2
acc_4086,5,2
acc_4087,3,1
acc_4088,11,1
acc_4089,6,1
acc_4090,10,2
acc_4091,12,2
acc_4092,9,0
acc_4093,5,1
acc_4094,5,1
acc_4095,5,0
acc_4096,4,1
acc_4097,6,2
acc_4098,6,2
acc_4099,11,1
acc_4100,8,4
acc_4101,10,1
acc_4102,4,1
acc_4103,5,0
acc_4104,8,2
acc_4105,7,2
acc_4106,11,2
acc_4107,8,2
acc_4108,10,3
acc_4109,10,2
acc_4110,13,4
acc_4111,7,0
acc_4112,12,0
acc_4113,3,1
acc_4114,0,0
acc_4115,7,1
acc_4116,7,1
acc_4117,12,4
acc_4118,9,3
acc_4119,11,2
acc_4120,7,2
acc_4121,4,2
acc_4122,10,1
acc_4123,2,0
acc_4124,3,2
acc_4125,6,0
acc_4126,10,0
acc_4127,6,0
acc_4128,3,3
acc_4129,15,2
acc_4130,9,2
acc_4131,16,2
acc_4132,3,2
acc_4133,5,1
acc_4134,9,3
acc_4135,1,1
acc_4136,3,0
acc_4137,10,2
acc_4138,2,1
acc_4139,3,0
acc_4140,8,3
acc_4141,9,5
acc_4142,9,2
acc_4143,7,2
acc_4144,2,2
acc_4145,10,0
acc_4146,10,2
acc_4147,15,3
acc_4148,8,0
acc_4149,5,0
acc_4150,6,2
acc_4151,11,4
acc_4152,9,2
acc_4153,7,1
acc_4154,4,3
acc_4155,1,1
acc_4156,13,1
acc_4157,6,1
acc_4158,1,1
acc_4159,11,2
acc_4160,9,2
acc_4161,1,1
acc_4162,8,2
acc_4163,15,3
acc_4164,0,0
acc_4165,6,1
acc_4166,13,4
acc_4167,11,1
acc_4168,3,1
acc_4169,7,0
acc_4170,6,2
acc_4171,12,2
acc_4172,8,3
acc_4173,9,2
acc_4174,12,2
acc_4175,9,3
acc_4176,5,0
acc_4177,12,4
acc_4178,12,2
acc_4179,15,2
acc_4180,1,1
acc_4181,11,2
acc_4182,10,1
acc_4183,5,1
acc_4184,3,0
acc_4185,7,0
acc_4186,9,1
acc_4187,12,4
acc_4188,8,4
acc_4189,13,4
acc_4190,17,1
acc_4191,7,1
acc_4192,11,1
acc_4193,20,3
acc_4194,0,0
acc_4195,2,1
acc_4196,9,3
acc_4197,2,0
acc_4198,4,0
acc_4199,9,3
acc_4200,12,4
acc_4201,4,2
acc_4202,10,2
acc_4203,10,3
acc_4204,1,1
acc_4205,3,2
acc_4206,3,0
acc_4207,12,4
acc_4208,10,2
acc_4209,0,0
acc_4210,14,2
acc_4211,5,1
acc_4212,12,3
acc_4213,7,1
acc_4214,4,1
acc_4215,8,0
acc_4216,4,2
acc_4217,7,0
acc_4218,6,2
acc_4219,4,1
acc_4220,4,1
acc_4221,10,2
acc_4222,0,0
acc_4223,8,1
acc_4224,10,5
acc_4225,11,3
acc_4226,2,1
acc_4227,6,1
acc_4228,7,2
acc_4229,10,2
acc_4230,5,1
acc_4231,14,3
acc_4232,3,3
acc_4233,13,4
acc_4234,7,2
acc_4235,15,4
acc_4236,7,3
acc_4237,5,2
acc_4238,9,2
acc_4239,7,3
acc_4240,8,2
acc_4241,4,0
acc_4242,6,1
acc_4243,13,1
acc_4244,13,3
acc_4245,2,1
acc_4246,9,2
acc_4247,7,0
acc_4248,5,3
acc_4249,5,1
acc_4250,6,3
acc_4251,9,3
acc_4252,0,0
acc_4253,12,1
acc_4254,6,1
acc_4255,3,0
acc_4256,7,1
acc_4257,12,1
acc_4258,0,0
acc_4259,10,3
acc_4260,13,1
acc_4261,1,0
acc_4262,5,0
acc_4263,14,0
acc_4264,9,1
acc_4265,9,2
acc_4266,3,0
acc_4267,1,0
acc_4268,8,0
acc_4269,10,2
acc_4270,10,3
acc_4271,0,0
acc_4272,8,1
acc_4273,12,3
acc_4274,10,2
acc_4275,8,2
acc_4276,2,1
acc_4277,8,1
acc_4278,12,1
acc_4279,3,1
acc_4280,11,0
acc_4281,8,0
acc_4282,10,2
acc_4283,11,3
acc_4284,10,3
acc_4285,6,1
acc_4286,12,3
acc_4287,3,2
acc_4288,7,1
acc_4289,8,2
acc_4290,11,4
acc_4291,6,0
acc_4292,6,1
acc_4293,12,4
acc_4294,5,0
acc_4295,16,2
acc_4296,1,0
acc_4297,7,3
acc_4298,6,0
acc_4299,6,1
acc_4300,15,1
acc_4301,6,0
acc_4302,5,0
acc_4303,4,1
acc_4304,1,1
acc_4305,13,2
acc_4306,7,2
acc_4307,0,0
acc_4308,12,4
acc_4309,9,2
acc_4310,15,3
acc_4311,13,3
acc_4312,1,0
acc_4313,6,3
acc_4314,8,2
acc_4315,11,2
acc_4316,1,1
acc_4317,9,1
acc_4318,6,1
acc_4319,11,3
acc_4320,2,0
acc_4321,10,2
acc_4322,9,1
acc_4323,13,3
acc_4324,3,1
acc_4325,5,2
acc_4326,12,3
acc_4327,12,2
acc_4328,2,2
acc_4329,10,2
acc_4330,11,5
acc_4331,14,3
acc_4332,14,2
acc_4333,9,2
acc_4334,15,2
acc_4335,7,2
acc_4336,10,3
acc_4337,1,0
acc_4338,8,1
acc_4339,11,3
acc_4340,4,0
acc_4341,11,1
acc_4342,14,3
acc_4343,4,0
acc_4344,2,0
acc_4345,12,2
acc_4346,16,1
acc_4347,2,0
acc_4348,11,1
acc_4349,9,0
acc_4350,8,4
acc_4351,5,2
acc_4352,2,0
acc_4353,2,0
acc_4354,0,0
acc_4355,9,2
acc_4356,7,2
acc_4357,2,2
acc_4358,6,2
acc_4359,8,1
acc_4360,12,2
acc_4361,5,0
acc_4362,3,0
acc_4363,5,2
acc_4364,8,2
acc_4365,13,4
acc_4366,4,0
acc_4367,12,1
acc_4368,3,1
acc_4369,3,0
acc_4370,13,1
acc_4371,9,1
acc_4372,0,0
acc_4373,7,1
acc_4374,7,0
acc_4375,8,1
acc_4376,5,1
acc_4377,10,4
acc_4378,4,2
acc_4379,12,4
acc_4380,7,1
acc_4381,6,0
acc_4382,2,1
acc_4383,4,1
acc_4384,6,2
acc_4385,13,3
acc_4386,4,1
acc_4387,4,2
acc_4388,9,0
acc_4389,4,1
acc_4390,11,3
acc_4391,3,2
acc_4392,2,1
acc_4393,7,2
acc_4394,6,2
acc_4395,4,3
acc_4396,12,3
acc_4397,7,4
acc_4398,8,3
acc_4399,13,1
acc_4400,3,1
acc_4401,9,0
acc_4402,6,3
acc_4403,3,1
acc_4404,6,0
acc_4405,17,3
acc_4406,5,3
acc_4407,15,2
acc_4408,10,2
acc_4409,9,2
acc_4410,10,0
acc_4411,8,3
acc_4412,9,4
acc_4413,5,1
acc_4414,8,3
acc_4415,1,1
acc_4416,4,1
acc_4417,6,2
acc_4418,2,2
acc_4419,11,2
acc_4420,5,1
acc_4421,15,1
acc_4422,3,1
acc_4423,5,2
acc_4424,13,2
acc_4425,3,0
acc_4426,5,2
acc_4427,8,2
acc_4428,13,2
acc_4429,9,3
acc_4430,8,3
acc_4431,6,2
acc_4432,8,0
acc_4433,9,2
acc_4434,6,1
acc_4435,7,0
acc_4436,9,3
acc_4437,13,2
acc_4438,6,2
acc_4439,4,1
acc_4440,17,3
acc_4441,7,1
acc_4442,5,1
acc_4443,5,2
acc_4444,12,2
acc_4445,0,0
acc_4446,5,0
acc_4447,14,2
acc_4448,6,2
acc_4449,14,1
acc_4450,2,2
acc_4451,7,3
acc_4452,10,2
acc_4453,14,3
acc_4454,3,2
acc_4455,7,2
acc_4456,7,1
acc_4457,14,3
acc_4458,13,2
acc_4459,6,2
acc_4460,5,0
acc_4461,7,1
acc_4462,11,1
acc_4463,6,1
acc_4464,10,1
acc_4465,6,0
acc_4466,12,2
acc_4467,3,0
acc_4468,10,3
acc_4469,8,0
acc_4470,3,0
acc_4471,10,1
acc_4472,4,3
acc_4473,5,0
acc_4474,10,2
acc_4475,7,0
acc_4476,2,0
acc_4477,8,0
acc_4478,7,3
acc_4479,14,1
acc_4480,5,1
acc_4481,11,2
acc_4482,2,0
acc_4483,9,2
acc_4484,8,1
acc_4485,5,0
acc_4486,4,3
acc_4487,3,0
acc_4488,9,2
acc_4489,2,0
acc_4490,14,1
acc_4491,10,2
acc_4492,7,0
acc_4493,7,2
acc_4494,1,0
acc_4495,3,2
acc_4496,14,1
acc_4497,10,3
acc_4498,9,2
acc_4499,4,1
acc_4500,8,1
acc_4501,12,2
acc_4502,6,1
acc_4503,8,2
acc_4504,10,1
acc_4505,7,0
acc_4506,5,2
acc_4507,7,2
acc_4508,6,1
acc_4509,12,1
acc_4510,3,2
acc_4511,11,3
acc_4512,15,3
acc_4513,9,2
acc_4514,13,3
acc_4515,2,0
acc_4516,4,3
acc_4517,10,1
acc_4518,8,2
acc_4519,3,0
acc_4520,10,2
acc_4521,3,2
acc_4522,4,0
acc_4523,12,3
acc_4524,6,0
acc_4525,6,2
acc_4526,10,2
acc_4527,3,1
acc_4528,2,0
acc_4529,4,0
acc_4530,10,2
acc_4531,6,1
acc_4532,5,2
acc_4533,5,1
acc_4534,2,2
acc_4535,15,2
acc_4536,6,1
acc_4537,2,0
acc_4538,6,1
acc_4539,3,0
acc_4540,7,3
acc_4541,10,3
acc_4542,10,2
acc_4543,11,1
acc_4544,12,2
acc_4545,10,2
acc_4546,2,2
acc_4547,15,4
acc_4548,6,2
acc_4549,0,0
acc_4550,6,1
acc_4551,0,0
acc_4552,0,0
acc_4553,4,0
acc_4554,4,0
acc_4555,10,0
acc_4556,12,1
acc_4557,5,0
acc_4558,12,2
acc_4559,7,2
acc_4560,2,0
acc_4561,3,0
acc_4562,9,1
acc_4563,1,1
acc_4564,2,0
acc_4565,7,0
acc_4566,2,0
acc_4567,9,2
acc_4568,9,1
acc_4569,8,3
acc_4570,6,1
acc_4571,5,0
acc_4572,10,1
acc_4573,3,0
acc_4574,2,1
acc_4575,4,0
acc_4576,6,1
acc_4577,3,2
acc_4578,0,0
acc_4579,11,1
acc_4580,0,0
acc_4581,8,1
acc_4582,12,2
acc_4583,8,2
acc_4584,4,0
acc_4585,9,0
acc_4586,8,1
acc_4587,4,1
acc_4588,8,1
acc_4589,4,2
acc_4590,2,0
acc_4591,5,1
acc_4592,11,1
acc_4593,6,1
acc_4594,0,0
acc_4595,7,1
acc_4596,8,0
acc_4597,10,3
acc_4598,8,0
acc_4599,5,3
acc_4600,10,1
acc_4601,5,0
acc_4602,7,2
acc_4603,11,2
acc_4604,3,2
acc_4605,2,1
acc_4606,2,0
acc_4607,5,1
acc_4608,3,2
acc_4609,9,2
acc_4610,9,3
acc_4611,16,3
acc_4612,11,2
acc_4613,14,3
acc_4614,8,1
acc_4615,8,2
acc_4616,3,1
acc_4617,13,1
acc_4618,8,2
acc_4619,9,4
acc_4620,5,1
acc_4621,9,0
acc_4622,12,2
acc_4623,2,0
acc_4624,0,0
acc_4625,10,2
acc_4626,13,2
acc_4627,7,3
acc_4628,12,0
acc_4629,3,1
acc_4630,4,2
acc_4631,12,1
acc_4632,3,0
acc_4633,6,2
acc_4634,2,2
acc_4635,3,3
acc_4636,3,1
acc_4637,7,3
acc_4638,12,2
acc_4639,9,3
acc_4640,8,0
acc_4641,9,0
acc_4642,4,2
acc_4643,3,3
acc_4644,9,2
acc_4645,10,3
acc_4646,10,2
acc_4647,3,3
acc_4648,6,0
acc_4649,8,1
acc_4650,7,0
acc_4651,3,0
acc_4652,1,0
acc_4653,8,1
acc_4654,3,0
acc_4655,7,2
acc_4656,1,1
acc_4657,1,1
acc_4658,10,0
acc_4659,8,2
acc_4660,1,1
acc_4661,10,1
acc_4662,1,1
acc_4663,10,2
acc_4664,5,1
acc_4665,3,0
acc_4666,4,2
acc_4667,8,3
acc_4668,7,1
acc_4669,11,3
acc_4670,9,3
acc_4671,7,2
acc_4672,8,1
acc_4673,11,2
acc_4674,11,2
acc_4675,11,2
acc_4676,1,1
acc_4677,9,0
acc_4678,5,0
acc_4679,5,0
acc_4680,6,2
acc_4681,5,1
acc_4682,16,3
acc_4683,9,4
acc_4684,6,2
acc_4685,7,0
acc_4686,5,0
acc_4687,5,1
acc_4688,10,1
acc_4689,14,4
acc_4690,12,2
acc_4691,6,2
acc_4692,6,1
acc_4693,12,3
acc_4694,3,2
acc_4695,4,1
acc_4696,8,2
acc_4697,9,1
acc_4698,3,1
acc_4699,6,3
acc_4700,6,0
acc_4701,9,2
acc_4702,8,1
acc_4703,4,1
acc_4704,9,2
acc_4705,6,0
acc_4706,8,1
acc_4707,8,2
acc_4708,8,2
acc_4709,6,3
acc_4710,12,2
acc_4711,14,4
acc_4712,3,1
acc_4713,15,4
acc_4714,5,2
acc_4715,10,1
acc_4716,2,2
acc_4717,13,4
acc_4718,7,2
acc_4719,14,3
acc_4720,6,1
acc_4721,11,3
acc_4722,12,2
acc_4723,7,4
acc_4724,5,0
acc_4725,6,1
acc_4726,9,1
acc_4727,3,0
acc_4728,5,2
acc_4729,4,2
acc_4730,4,2
acc_4731,4,0
acc_4732,0,0
acc_4733,0,0
acc_4734,6,1
acc_4735,5,2
acc_4736,5,1
acc_4737,10,1
acc_4738,8,2
acc_4739,0,0
acc_4740,5,2
acc_4741,13,4
acc_4742,11,2
acc_4743,8,2
acc_4744,3,2
acc_4745,5,2
acc_4746,0,0
acc_4747,12,2
acc_4748,4,2
acc_4749,4,1
acc_4750,5,1
acc_4751,9,0
acc_4752,13,2
acc_4753,11,2
acc_4754,7,3
acc_4755,5,1
acc_4756,7,2
acc_4757,0,0
acc_4758,16,2
acc_4759,4,1
acc_4760,12,1
acc_4761,12,3
acc_4762,0,0
acc_4763,4,2
acc_4764,7,2
acc_4765,7,1
acc_4766,8,0
acc_4767,10,4
acc_4768,16,3
acc_4769,5,0
acc_4770,4,1
acc_4771,12,1
acc_4772,14,2
acc_4773,3,1
acc_4774,4,0
acc_4775,8,2
acc_4776,10,2
acc_4777,8,2
acc_4778,3,1
acc_4779,7,2
acc_4780,2,1
acc_4781,7,2
acc_4782,6,3
acc_4783,5,2
acc_4784,1,0
acc_4785,7,0
acc_4786,15,2
acc_4787,10,3
acc_4788,6,0
acc_4789,10,1
acc_4790,5,0
acc_4791,11,3
acc_4792,12,3
acc_4793,8,2
acc_4794,0,0
acc_4795,13,0
acc_4796,4,0
acc_4797,12,1
acc_4798,10,1
acc_4799,5,2
acc_4800,11,1
acc_4801,9,2
acc_4802,8,2
acc_4803,8,1
acc_4804,14,3
acc_4805,4,0
acc_4806,7,1
acc_4807,6,2
acc_4808,2,0
acc_4809,10,3
acc_4810,6,1
acc_4811,5,0
acc_4812,5,0
acc_4813,5,1
acc_4814,8,2
acc_4815,5,1
acc_4816,4,0
acc_4817,12,3
acc_4818,5,3
acc_4819,9,3
acc_4820,2,2
acc_4821,11,2
acc_4822,5,0
acc_4823,1,1
acc_4824,10,2
acc_4825,10,3
acc_4826,8,1
acc_4827,10,0
acc_4828,4,1
acc_4829,10,2
acc_4830,0,0
acc_4831,9,1
acc_4832,5,0
acc_4833,8,5
acc_4834,1,0
acc_4835,11,5
acc_4836,4,1
acc_4837,7,0
acc_4838,13,2
acc_4839,7,3
acc_4840,12,3
acc_4841,8,1
acc_4842,4,1
acc_4843,4,1
acc_4844,6,1
acc_4845,13,3
acc_4846,7,2
acc_4847,10,1
acc_4848,3,0
acc_4849,10,1
acc_4850,5,0
acc_4851,14,3
acc_4852,8,2
acc_4853,13,3
acc_4854,4,0
acc_4855,6,3
acc_4856,8,2
acc_4857,7,1
acc_4858,10,1
acc_4859,10,2
acc_4860,10,2
acc_4861,14,2
acc_4862,5,0
acc_4863,11,4
acc_4864,10,0
acc_4865,3,1
acc_4866,4,1
acc_4867,13,3
acc_4868,4,0
acc_4869,12,3
acc_4870,9,0
acc_4871,13,3
acc_4872,9,2
acc_4873,12,3
acc_4874,9,4
acc_4875,5,1
acc_4876,7,1
acc_4877,6,3
acc_4878,2,1
acc_4879,15,4
acc_4880,12,4
acc_4881,12,2
acc_4882,5,2
acc_4883,11,2
acc_4884,10,3
acc_4885,4,0
acc_4886,10,3
acc_4887,11,2
acc_4888,5,2
acc_4889,6,3
acc_4890,7,1
acc_4891,10,1
acc_4892,1,1
acc_4893,1,0
acc_4894,10,1
acc_4895,9,0
acc_4896,12,4
acc_4897,8,3
acc_4898,5,0
acc_4899,9,2
acc_4900,7,2
acc_4901,4,2
acc_4902,7,3
acc_4903,7,2
acc_4904,9,1
acc_4905,9,3
acc_4906,11,2
acc_4907,12,2
acc_4908,2,2
acc_4909,7,1
acc_4910,8,1
acc_4911,5,0
acc_4912,0,0
acc_4913,4,0
acc_4914,6,3
acc_4915,11,2
acc_4916,8,4
acc_4917,7,2
acc_4918,8,3
acc_4919,9,1
acc_4920,2,1
acc_4921,20,1
acc_4922,11,2
acc_4923,3,0
acc_4924,7,1
acc_4925,5,2
acc_4926,7,1
acc_4927,16,3
acc_4928,4,0
acc_4929,6,3
acc_4930,3,1
acc_4931,12,2
acc_4932,1,1
acc_4933,17,1
acc_4934,12,4
acc_4935,3,1
acc_4936,7,4
acc_4937,6,2
acc_4938,1,1
acc_4939,8,2
acc_4940,12,2
acc_4941,8,2
acc_4942,9,2
acc_4943,2,1
acc_4944,6,1
acc_4945,12,3
acc_4946,9,2
acc_4947,6,1
acc_4948,3,0
acc_4949,3,2
acc_4950,11,1
acc_4951,8,0
acc_4952,7,3
acc_4953,3,2
acc_4954,15,2
acc_4955,2,1
acc_4956,0,0
acc_4957,6,1
acc_4958,2,0
acc_4959,11,1
acc_4960,7,1
acc_4961,9,2
acc_4962,6,0
acc_4963,3,1
acc_4964,3,0
acc_4965,7,2
acc_4966,9,2
acc_4967,2,1
acc_4968,10,1
acc_4969,10,0
acc_4970,6,0
acc_4971,3,0
acc_4972,12,1
acc_4973,11,1
acc_4974,6,2
acc_4975,8,1
acc_4976,5,0
acc_4977,2,0
acc_4978,6,1
acc_4979,11,1
acc_4980,10,2
acc_4981,12,1
acc_4982,4,1
acc_4983,7,1
acc_4984,13,2
acc_4985,3,2
acc_4986,1,1
acc_4987,13,2
acc_4988,13,5
acc_4989,3,2
acc_4990,11,1
acc_4991,7,1
acc_4992,9,2
acc_4993,9,2
acc_4994,2,2
acc_4995,4,2
acc_4996,9,1
acc_4997,6,1
acc_4998,9,3
acc_4999,7,0
